participant_id	sciAdv_identifier	age	sex	handedness	pathology	depth_electrodes	soz_electrodes	n_sessions
sub-01	1	24	F	Right	Xanthoastrocytoma WHO II	AHL,AL,ECL,LR,PHL,PHR	AHR,LR	4
sub-02	2	39	M	Right	Gliosis	AHL,AHR,AL,AR,ECL,ECR,PHL,PHR	AHR,PHR	7
sub-03	3	18	F	Right	Hippocampal sclerosis	AHL,AHR,AL,ECL,PHL	AHL,PHL	3
sub-04	4	28	M	Right	Brain contusion	AHL,AHR,AL,AR,ECL,ECR,PHL,PHR	AHL,AHR,PHL,PHR	2
sub-05	5	20	F	Right	Focal cortical dysplasia	AHL,AL,DRR,PHR	DRR	3
sub-06	6	31	M	Right	Hippocampal sclerosis	AHL,AHR,AL,AR,ECL,ECR,PHL,PHR	AHL,PHL,ECL,AL	7
sub-07	7	47	M	Right	Hippocampal sclerosis	AHL,AHR,AL,AR,ECL,ECR,PHL,PHR	AHR,PHR	4
sub-08	8	56	F	Right	Hippocampal sclerosis	AHL,AHR,AL,AR,ECL,ECR,PHL,PHR	ECR	5
sub-09	9	19	F	Right	Hippocampal sclerosis	AHL,AHR,AL,AR,ECL,ECR,PHL,PHR	ECR,AR	2
