unit_id	trial	spike_time
1	1	-3.642653250004514
1	1	-3.3208105000085197
1	1	-2.8302167500078212
1	1	-2.1152792500070063
1	1	-1.406154249998508
1	1	-0.7406552500033285
1	1	-0.6713739999977406
1	1	-0.6330615000042599
1	1	1.689656249989639
1	1	1.7261250000010477
1	2	-2.2913427500025136
1	2	-2.2896552500023972
1	2	-2.2816864999913378
1	2	-1.9653427500015823
1	2	1.831218749997788
1	2	1.9174062499951106
1	3	-3.9978407500020694
1	3	-3.8587782499962486
1	3	-0.33618650000425987
1	3	1.114782250006101
1	4	-5.16159124999831
1	4	-2.6843422499805456
1	4	-1.0860297499893932
1	5	-3.9339040000049863
1	5	0.394719999996596
1	5	1.8786877499951515
1	6	0.5763129999977536
1	7	-5.240809750001063
1	7	-0.571530499990331
1	7	0.275407000008272
1	8	-5.428777749999426
1	8	0.8071255000104429
1	8	1.3043130000150995
1	9	-4.98521625000285
1	9	1.8051879999984521
1	9	1.8552504999970552
1	9	1.888937999989139
1	11	-4.770872499997495
1	11	-3.6807787500001723
1	12	-2.768466500012437
1	12	-1.4510300000110874
1	12	-0.3239362500025891
1	12	0.09150124998996034
1	13	-2.892123499987065
1	14	-5.491340249995119
1	14	-5.4851214999944204
1	14	-3.3538100000005215
1	14	-1.2052797500073211
1	14	-0.7283109999989392
1	14	1.4713755000120727
1	15	-5.952402499984601
1	15	0.6915945000073407
1	15	1.6523435000126483
1	16	-4.81359124998562
1	16	1.829031750021386
1	17	-3.8060594999988098
1	17	-3.2055604999914067
1	17	-2.393404250004096
1	17	-0.6318427499936661
1	17	-0.2855615000007674
1	17	-0.19921775000693742
1	17	1.055875999998534
1	19	-4.808340750008938
1	19	-4.8052157500060275
1	19	-4.800840750001953
1	19	-0.5029677499987883
1	19	0.23543850000714883
1	20	-4.330747500003781
1	20	-2.6270922499970766
1	20	-1.1963422499975422
1	20	-1.090187000008882
1	20	-0.9709995000011986
1	20	-0.5335932500020135
1	20	-0.5143744999950286
1	20	-0.27856200000678655
1	20	1.802749499998754
1	21	-0.2954357499984326
1	21	0.9406257499940693
1	22	-0.2476555000175722
1	23	-3.3879664999985835
1	24	-2.815654749996611
1	24	-0.6086244999896735
1	25	-0.25665524999203626
1	26	-4.097435249990667
1	26	1.8608752500003902
1	27	-3.45196649999707
1	27	-1.6862174999987474
1	27	1.4533127500180854
1	27	1.504062750012963
1	27	1.80556275001436
1	28	-5.330403499989188
1	28	-4.633247249992564
1	28	-2.098904499987839
1	28	-1.3460919999924954
1	28	-0.6453117499913787
1	29	-5.627184249999118
1	29	-5.510340500011807
1	29	-1.9369674999907147
1	29	-1.5762174999981653
1	29	1.8981877500045812
1	30	-2.878185499997926
1	30	-1.1320927499909885
1	30	1.8950312500091968
1	30	1.9960625000094296
1	31	-4.468247249998967
1	32	-5.238809749993379
1	32	-3.354779500004952
1	32	-2.0107795000076294
1	32	-2.0072170000057667
1	32	-1.905311750000692
1	32	-0.9661242500005756
1	32	-0.240124250005465
1	32	0.660437250015093
1	33	-5.811121999999159
1	33	-5.723496999999043
1	33	-5.694028249999974
1	33	-4.3289979999972275
1	33	-2.6881854999955976
1	33	-2.4053105000057258
1	33	-2.1833740000001853
1	33	-1.6518427499977406
1	33	-1.650030250006239
1	33	1.7072499999922002
1	34	-4.951215749999392
1	34	-1.7592167499969946
1	34	0.8643447500071488
1	35	-5.198059749993263
1	35	-5.069778499993845
1	35	-4.885090999989188
1	35	-4.092779500002507
1	35	-3.340279500000179
1	35	0.7050622499955352
1	36	-5.545435000007274
1	37	-3.3465909999940777
1	37	-3.305497249995824
1	37	-1.6727795000042534
1	37	-1.3438107499969192
1	37	-0.4044680000079097
1	37	0.006156999996164814
1	37	1.639813250003499
1	37	1.6542194999929052
1	38	0.8600312500057044
1	39	-5.029434500000207
1	39	-4.9465595000074245
1	39	-3.745904250012245
1	39	-2.482029250008054
1	39	-1.4515615000127582
1	39	-0.5144365000014659
1	40	-3.3157172500068555
1	40	-0.6577495000092313
1	40	0.7043442499852972
1	41	-5.135965750014293
1	41	-4.203559500005213
1	41	-3.8039032500091707
1	41	-2.916966750010033
1	42	-5.751216499993461
1	42	-3.7118727500055684
1	42	-3.634935249996488
1	42	-3.4650914999947418
1	42	-2.306655000007595
1	42	-0.869624750004732
1	43	-4.148247999997693
1	43	-3.3491542499978095
1	44	-5.229121749987826
1	44	-2.456717499997467
1	45	-5.048684749999666
1	45	-4.159965999991982
1	45	-2.9116857499902835
1	45	-1.6494669999956386
1	45	-1.3816857499914477
1	45	-0.3734367500001099
1	46	-1.5597172499983571
1	47	-2.997497749995091
1	47	-2.644654999996419
1	47	-2.402467499996419
1	47	-0.5888112499960698
1	47	-0.3140300000086427
1	49	-2.697279250001884
1	49	-2.2443729999940842
1	49	1.7863125000003492
1	50	-2.747654499995406
1	50	-1.385623249982018
1	50	1.5718132500041975
1	50	1.8376247500127647
1	50	1.8413747500017053
2	1	-4.263903250001022
2	1	-3.2574354999960633
2	1	-3.1969355000037467
2	1	-3.148123000006308
2	2	-5.941434500011383
2	2	-5.6351845000026515
2	2	-5.630559500015806
2	2	-5.625684500002535
2	2	-4.473966750010732
2	2	-4.467341750016203
2	2	-3.0126855000125943
2	2	-3.003529250010615
2	2	-2.084873999992851
2	2	-2.0416552499955287
2	2	-1.9529052500001853
2	2	-1.8785927499993704
2	2	-1.8739677499979734
2	2	-1.8682489999919198
2	2	-1.61724900000263
2	2	-1.612717750002048
2	2	-1.6071864999976242
2	2	0.24590624999837019
2	2	1.8146874999947613
2	3	-5.639559499992174
2	3	-5.62949700000172
2	3	-4.057715749993804
2	3	-2.5485917499900097
2	3	-1.4318104999983916
2	3	0.6631259999994654
2	3	0.6699072500050534
2	3	1.3882187499984866
2	3	1.6837187500059372
2	4	-5.793497499995283
2	4	-5.786435000001802
2	4	-5.3811537500005215
2	4	-0.9017172499879962
2	4	-0.8961859999835724
2	4	1.2642505000112578
2	5	-5.281684250003309
2	5	-4.158154000004288
2	5	-2.4987790000013774
2	5	-2.4935289999993984
2	5	-2.0641540000069654
2	5	-0.968561250003404
2	5	-0.9538425000064308
2	5	0.293876249997993
2	5	0.7053449999948498
2	5	0.8604689999920083
2	6	-3.9887787500047125
2	6	-3.9844350000057602
2	6	-3.9796225000027334
2	6	-3.9724350000033155
2	6	0.3213442499982193
2	7	-5.045966000005137
2	7	-5.03643475001445
2	7	-3.390934750001179
2	7	-3.38505975001317
2	7	-2.964498250003089
2	7	-2.9547482500056503
2	7	-1.7490607500076294
2	7	-0.40934299999207724
2	7	0.4965632500097854
2	7	1.6452497499994934
2	8	-5.071091249992605
2	9	-5.142716250004014
2	9	-4.595153750007739
2	9	-4.587278749997495
2	10	-2.2680919999984326
2	10	-1.7429982499888865
2	10	0.7351570000028005
2	10	0.8882507500093197
2	10	0.8944695000100182
2	11	0.8334380000160309
2	11	0.8430630000075325
2	11	1.6548442500061356
2	12	-5.2630280000012135
2	12	-5.253934250009479
2	12	-2.667029000003822
2	12	-0.8448112500045681
2	12	-0.8372487500018906
2	12	0.8340627499856055
2	14	-5.486027749997447
2	14	-5.484246499996516
2	14	-2.0081547500012675
2	14	-2.001123499998357
2	14	-1.7402485000056913
2	14	-1.3647484999964945
2	14	-1.3327797499950975
2	14	-1.3260609999997541
2	15	-5.531778499978827
2	15	-5.526809749979293
2	15	-4.212028499983717
2	15	0.3647507500136271
2	15	0.37031325000862125
2	15	0.3824070000118809
2	16	-0.08043699998233933
2	16	0.3775630000163801
2	16	0.3835942500154488
2	17	-3.9822469999926398
2	17	-3.9760282499919413
2	17	-3.9593095000018366
2	18	-5.141310000006342
2	18	-5.136122500000056
2	18	-3.28552975000639
2	18	-1.9039047500118613
2	18	0.39603174998774193
2	19	-3.4730292500171345
2	19	-3.4684980000165524
2	19	0.7333125000004657
2	20	-3.998497499997029
2	20	-3.164029749998008
2	20	-2.7425297500012675
2	20	1.3333120000024792
2	21	-5.373590000002878
2	21	-5.366246250006952
2	21	-2.342029499995988
2	21	0.6974694999953499
2	21	0.7022507499932544
2	22	-5.234434750003857
2	22	-5.229122250006185
2	22	-1.4236232500115875
2	22	-1.065999250015011
2	22	0.3477819999825442
2	22	0.7835319999867352
2	22	1.5906872500054305
2	23	-5.006966499990085
2	23	-4.997778999997536
2	23	-4.03340400000161
2	23	-4.027935249992879
2	23	-2.076811249993625
2	23	-2.0551862499996787
2	23	-1.604873749995022
2	23	-1.5966237499960698
2	23	-0.41427999999723397
2	23	-0.30390600000100676
2	23	-0.21599974999844562
2	23	-0.21149975000298582
2	23	-0.1820622499944875
2	23	-0.17737474999739788
2	24	-4.254279749991838
2	24	-3.4277484999911394
2	24	-0.6659994999936316
2	24	-0.13812449999386445
2	24	-0.1338744999957271
2	24	0.652219250012422
2	24	0.662188000002061
2	25	-4.5970917499944335
2	25	-3.6840292499837233
2	25	-3.2251854999922216
2	25	-3.217122999994899
2	25	-1.3978114999918034
2	25	-1.3903114999848185
2	25	1.0254062500025611
2	26	-3.8110914999997476
2	26	-3.8018102499918314
2	26	0.1946252500056289
2	26	0.42415649999747984
2	26	1.7398127500055125
2	27	-5.518590499996208
2	27	-4.075122750000446
2	27	-3.1116539999929955
2	27	-1.5668737499945564
2	27	0.48156275002111215
2	27	0.4861877500079572
2	27	0.4928440000221599
2	28	-5.520215999989887
2	28	-5.515684749989305
2	28	-3.3916544999810867
2	28	-3.386654499990982
2	28	-2.824248249991797
2	28	-2.446873249995406
2	28	-2.4415919999883045
2	29	0.9324690000066767
2	29	0.9388440000038827
2	30	-5.7769344999978784
2	30	-5.7679969999881
2	30	-4.868216749993735
2	30	-2.8937479999876814
2	30	-2.8877792499988573
2	30	-2.4766552499932004
2	30	-2.467561500001466
2	30	-1.7054052499879617
2	30	-1.6473114999971585
2	31	-4.204278499993961
2	31	-1.7249044999916805
2	31	0.22215699999651406
2	31	0.2295319999975618
2	31	0.23471950000384822
2	31	0.2412507499975618
2	31	0.3758444999984931
2	32	-5.21730975000537
2	32	-5.2118097500060685
2	32	-4.532872249998036
2	32	-3.0479044999956386
2	32	-2.9861232499970356
2	32	-1.121811750010238
2	32	-0.5820617499994114
2	32	-0.12365550000686198
2	32	1.2944997500017053
2	33	-1.7251552500092657
2	33	0.6996874999895226
2	33	1.7350624999962747
2	34	-5.634653250002884
2	34	-5.630309500003932
2	34	-5.623653250004281
2	34	-4.762059500004398
2	34	-3.216591750009684
2	34	-3.2094355000008363
2	34	-3.2021542500006035
2	34	-2.1940604999981588
2	34	1.7358437500079162
2	35	-5.681184749992099
2	35	-5.470903499997803
2	35	-4.165935750002973
2	35	-2.9803419999952894
2	35	-1.29512424999848
2	35	-0.2644679999939399
2	35	-0.26031174999661744
2	35	-0.023030500000459142
2	35	-0.017436750000342727
2	35	0.7870309999998426
2	35	1.1891247500025202
2	35	1.1953435000032187
2	36	-5.720621500004199
2	36	-5.716465250006877
2	36	-5.711152750009205
2	36	-5.178997500013793
2	36	0.299312999995891
2	36	0.304656749998685
2	36	1.0022192500036908
2	37	-1.0232482499995967
2	38	-5.554309499988449
2	38	-5.5435907499922905
2	38	-5.147090749989729
2	38	0.17131350000272505
2	38	0.939343749996624
2	39	-5.174746999997296
2	39	-4.3054667500109645
2	39	-4.299248000010266
2	39	-2.6027480000047944
2	39	-1.936436500007403
2	39	-1.9315302500035614
2	39	-1.9264990000083344
2	39	-1.9198427500086837
2	39	-1.445061500009615
2	39	-0.3959677500097314
2	39	0.3768125000060536
2	39	0.5213750000111759
2	39	0.5340937500004657
2	40	-3.3093422500096494
2	40	-3.0583110000152374
2	40	-2.8364672500174493
2	40	-2.7528110000130255
2	40	-1.6889672500110464
2	40	-1.0877485000091838
2	40	-1.0825610000174493
2	40	-1.0755297500145389
2	40	-0.5607495000149356
2	40	0.06025049998424947
2	40	0.0698442499851808
2	40	1.8527807499922346
2	40	1.862686999986181
2	41	-4.041778250015341
2	41	-3.517028250003932
2	41	0.003876000002492219
2	42	-4.533060250003473
2	42	-3.7531227500003297
2	42	-2.239342500004568
2	43	-3.9669355000078212
2	43	-3.959591749997344
2	43	-3.3511230000003707
2	43	-3.3454667500045616
2	43	-2.2921230000065407
2	43	0.2136259999970207
2	43	0.2195322499901522
2	43	0.33525099999678787
2	43	0.3396260000008624
2	43	0.3510634999984177
2	43	0.69140625
2	43	1.1743124999920838
2	43	1.1833437499881256
2	44	-4.5808102499868255
2	44	-4.576028999988921
2	44	-3.647372749997885
2	44	-1.3518112499878043
2	44	-1.3261549999879207
2	44	0.3684377500030678
2	44	0.3733440000069095
2	45	-4.954528499991284
2	45	-4.940809749998152
2	45	-4.235247249991517
2	45	-3.1971544999978505
2	45	-2.8766232499910984
2	45	-0.25840549998974893
2	45	-0.24368674999277573
2	46	-1.2392485000018496
2	46	0.5060317500174278
2	46	0.5109067500161473
2	46	0.5200317500130041
2	46	0.9417817500070669
2	46	0.9574692500173114
2	47	-5.960996750000049
2	47	-2.334623750008177
2	47	-0.2070300000050338
2	47	-0.19693625000945758
2	47	0.2866565000003902
2	47	1.1573439999920083
2	48	-4.501090999998269
2	48	0.7629382500163047
2	48	1.7086872500076424
2	49	-1.6341240000037942
2	50	-3.7555909999791766
2	50	-2.633248249985627
2	50	-2.254341999985627
2	50	-2.2489357499871403
2	50	-1.9831544999906328
2	50	0.001532000009319745
2	50	0.008563250012230128
2	50	0.3543445000104839
2	50	0.3703757500043139
2	50	0.3862820000067586
2	50	1.8404060000029858
3	1	-3.4493407499976456
3	1	-3.242216750004445
3	1	-1.2325605000078212
3	1	-0.5759677500027465
3	2	-5.145997000014177
3	2	-4.477841750005609
3	2	-3.529091750009684
3	2	-2.2896552500023972
3	2	-1.978248999992502
3	2	-1.9758739999961108
3	2	-1.9653739999921527
3	2	-1.961717750004027
3	2	-1.9435302499914542
3	2	-1.9240302499965765
3	2	-1.9104990000050748
3	2	-1.4207177499920363
3	2	0.2752187500009313
3	2	0.9609999999956926
3	2	0.9635937499988358
3	2	1.8175625000003492
3	2	1.8935625000012806
3	2	1.9202187500050059
3	2	1.925687499999185
3	2	1.9553750000050059
3	2	1.9618749999935972
3	3	-5.758903249996365
3	3	-3.846090749997529
3	3	-1.4974667499918723
3	3	-1.4365917499962961
3	3	-1.2891229999950156
3	3	-1.1617479999986244
3	3	0.34846974999527447
3	3	1.4442187499953434
3	3	1.7607500000012806
3	3	1.9738125000003492
3	4	-3.6267475000058766
3	4	-3.492935000002035
3	4	-3.373810000004596
3	4	-2.2361547499895096
3	4	-1.0718109999870649
3	4	-1.0158734999859007
3	4	0.5880005000071833
3	4	1.2508755000162637
3	4	1.2525005000061356
3	5	-5.6369967500068014
3	5	-3.9139664999966044
3	5	-2.247497750009643
3	5	-0.5767487499979325
3	5	0.5899700000009034
3	5	0.8678752499981783
3	6	-5.135716250006226
3	6	0.7454067499929806
3	7	-5.359809750007116
3	7	-4.851466000007349
3	7	-1.977748250006698
3	7	0.275407000008272
3	7	0.27765699999872595
3	7	0.2806257500051288
3	7	0.283625750002102
3	8	-5.172152749990346
3	8	-3.6317474999959813
3	8	-3.4641224999941187
3	8	-3.2074350000038976
3	8	-2.8982162500033155
3	8	0.7621567500173114
3	9	-2.4053422500001034
3	9	-2.3432797499990556
3	9	0.09040674999414477
3	9	1.982749499991769
3	10	-5.438559749993146
3	10	-5.358528499986278
3	10	1.2584070000011707
3	10	1.4724685000110185
3	11	-5.297278750003898
3	11	-5.293903750003665
3	11	-4.9981224999937695
3	11	-4.473434999992605
3	11	-2.2376859999931185
3	11	-1.6329672499996377
3	11	-1.6222485000034794
3	12	-4.890840499996557
3	12	0.8019064999971306
3	13	-0.8655932499823393
3	13	-0.22737449998385273
3	14	-5.557871500001056
3	14	1.147594250011025
3	14	1.8856880000093952
3	14	1.9969380000111414
3	15	-5.947589999981574
3	15	-3.7670909999869764
3	15	-3.053279499989003
3	15	0.6285320000170032
3	15	1.9198747500049649
3	15	1.9937497500068275
3	16	-5.030622499980382
3	16	-4.485622499982128
3	16	-4.4445599999744445
3	16	-4.06474749998597
3	16	-3.9664349999802653
3	16	-2.1350922499841545
3	16	-0.9531234999885783
3	16	-0.905904749975889
3	16	0.9769380000216188
3	17	-4.113028249994386
3	17	-3.9571219999925233
3	17	-3.886684500001138
3	17	-3.836809499989613
3	17	-3.647810499998741
3	17	-3.4619042499980424
3	17	-2.5085917499964125
3	17	-2.3521230000042124
3	17	-2.1792480000003707
3	17	-1.9410605000011856
3	17	-0.9989365000074031
3	17	-0.3614052500051912
3	17	-0.21684275000006892
3	18	-4.155091250009718
3	19	-5.711090750002768
3	19	-5.338872000007541
3	19	-4.802122000008239
3	19	-4.800247000006493
3	19	-4.797122000003583
3	19	-4.330123000007006
3	19	-4.259591750014806
3	20	-5.3829974999971455
3	20	-1.2870609999954468
3	20	-0.12681200000224635
3	20	0.32740675000241026
3	21	-4.103934749990003
3	21	-3.0324347499990836
3	21	-1.0043420000001788
3	22	-3.0030920000135666
3	22	0.5291257499920903
3	23	-4.408028999998351
3	23	-2.7270612499996787
3	23	-2.0978424999921117
3	24	-5.283278750008321
3	24	-3.6196547499857843
3	24	-3.4167484999925364
3	24	-1.8030932499968912
3	24	-0.12828074999561068
3	24	0.526906750004855
3	24	1.7229369999986375
3	25	-3.117279249985586
3	25	-0.6832489999942482
3	25	-0.19643649998761248
3	26	-5.302685249989736
3	26	-4.789529000001494
3	26	1.0450002500001574
3	26	1.87709399999585
3	27	-5.3373404999874765
3	27	-3.849904000002425
3	27	-1.5614674999960698
3	27	0.8930627500085393
3	27	0.9739065000176197
3	27	1.7706252500211122
3	28	-5.5844347499805735
3	28	-4.743903499984299
3	28	-2.8848419999849284
3	28	-2.877529499994125
3	28	-2.8667482499877224
3	28	-2.8469044999947073
3	28	-2.795873249982833
3	28	-2.7425607499899343
3	28	-2.7406232499924954
3	28	-2.619466999982251
3	28	-2.607560749995173
3	28	-2.587935749994358
3	28	-2.577966999990167
3	28	-2.5723732499900507
3	28	-2.5677169999835314
3	28	-2.088529499989818
3	28	-2.085279499995522
3	28	-2.0785294999950565
3	28	-1.8048419999831822
3	28	-1.3461232499830658
3	28	-0.7592179999919608
3	29	-4.00374774998636
3	29	-3.863153999991482
3	29	-3.161153999986709
3	29	-1.7797487499919953
3	29	-0.8584362499968847
3	29	0.11437624999962281
3	29	1.2787502499995753
3	29	1.7962190000107512
3	29	1.982875250003417
3	30	-5.956121999988682
3	30	-1.239873999991687
3	30	-1.1076552500016987
3	30	-0.5444989999959944
3	30	0.4001250000001164
3	30	1.4225624999962747
3	31	-2.6564357499883045
3	31	-0.13718674999836367
3	31	0.4612820000038482
3	32	-5.1705910000018775
3	32	-3.3912482500018086
3	32	1.0918122500152094
3	33	-2.6874667500087526
3	33	-2.641654250008287
3	33	-2.4961542500095675
3	33	-2.458904250001069
3	33	-2.428373000002466
3	33	-2.3831542499974603
3	33	1.729124999998021
3	33	1.7371249999996508
3	33	1.7529999999969732
3	33	1.7630624999874271
3	33	1.9125312499963911
3	33	1.9344374999927823
3	34	-5.616309500008356
3	34	-4.795684500000789
3	34	-4.757121999995434
3	34	-3.619029250010499
3	34	0.7787197500147158
3	34	0.8745635000086622
3	35	-5.671184749997337
3	35	-4.158904500000062
3	35	-3.563560750000761
3	35	-1.5738430000055814
3	35	-1.2335617499920772
3	35	-1.2186242500029039
3	35	-1.1553742499963846
3	35	-1.1397180000058142
3	35	-1.1054992499994114
3	35	-0.11209300000336953
3	35	-0.08396799999172799
3	35	0.4381882500019856
3	35	1.254374750002171
3	36	-4.989685000007739
3	36	-4.370497500014608
3	36	-3.3013725000055274
3	36	0.8578755000053206
3	36	1.461625500000082
3	37	-3.84680975000083
3	37	1.9913747499958845
3	38	0.3467197499994654
3	39	-3.7005292500107316
3	39	-3.544091750009102
3	39	-3.533435500008636
3	39	-1.0943115000118269
3	39	0.6849375000019791
3	40	-3.740372500004014
3	40	-3.735466250014724
3	40	-3.2568422500044107
3	40	-3.076779750015703
3	40	-2.887936000013724
3	40	-2.8612797500099987
3	40	-2.8488422500086017
3	40	-2.8472485000093
3	40	-2.8413422500161687
3	40	-2.80096725000476
3	40	-2.7859985000104643
3	40	-2.757373500004178
3	40	-2.7543422500166344
3	40	-2.7504672500072047
3	40	-2.7465610000072047
3	40	-2.686436000003596
3	40	-2.6684360000072047
3	41	-3.749872000014875
3	41	0.8405009999987669
3	42	-5.749247750005452
3	42	-3.727560250001261
3	42	-3.704841500002658
3	42	-3.591560250002658
3	42	-3.5865915000031237
3	42	-3.584872749997885
3	42	-3.5729977500013774
3	42	-3.536966500003473
3	42	-3.087280000007013
3	42	-2.73724874999607
3	42	-2.2335299999976996
3	42	-0.9032487500080606
3	43	-4.331059500007541
3	43	-3.6093417499942007
3	43	-3.0990292500064243
3	43	-2.2268104999966454
3	43	-1.0330302500078687
3	43	1.7383437499956926
3	43	1.999687499992433
3	44	-4.9067789999971865
3	44	1.2429377500084229
3	45	-5.8739649999915855
3	45	-5.0464034999895375
3	45	-3.0919670000002952
3	45	-2.714998249997734
3	45	-1.6692794999980833
3	45	-1.6393419999949401
3	45	0.5705945000081556
3	45	0.5843757499969797
3	45	0.6260320000001229
3	47	-0.6791237500001444
3	47	1.5829064999998081
3	48	-4.942341000001761
3	48	0.6245632500067586
3	49	-5.895996999999625
3	49	-4.617247000001953
3	49	-3.4992167500022333
3	49	-3.494560499995714
3	49	-0.8669677500001853
3	50	-3.0803732499916805
3	50	0.3912195000157226
3	50	1.6321257500094362
4	1	-4.268434500001604
4	1	-3.767559500003699
4	1	-3.7182469999970635
4	1	-3.515090750006493
4	1	-2.908091749995947
4	1	-1.3914355000015348
4	1	-1.0124042499955976
4	1	-0.30915524999727495
4	1	-0.3043739999993704
4	1	-0.2985927499976242
4	1	0.741001000002143
4	2	-4.480060500005493
4	2	-4.470373000003747
4	2	-4.4016855000081705
4	2	-3.3584980000159703
4	2	-3.008529250015272
4	2	-2.343717750001815
4	2	-2.037249000000884
4	2	-2.0346552499977406
4	2	-2.029061499997624
4	2	-1.3403739999921527
4	2	-1.2364052500051912
4	2	-0.9270614999986719
4	2	-0.9225927499937825
4	2	-0.9174677499977406
4	2	-0.6017489999940153
4	2	-0.5976552499923855
4	2	-0.5927177499979734
4	2	0.21731249999720603
4	2	0.2215624999953434
4	2	0.22696874999383
4	2	0.23468749999301508
4	2	0.30484374999650754
4	2	0.5661562500026776
4	3	-5.634746999989147
4	3	-4.389059499997529
4	3	-4.382621999990079
4	3	-4.371246999988216
4	3	-4.093809500001953
4	3	-4.01290324999718
4	3	-3.9454969999933382
4	3	-3.4013417499954812
4	3	-3.0290604999900097
4	3	-2.9481542499997886
4	3	-1.5339042499981588
4	3	-1.4391854999994393
4	3	-1.423529249994317
4	3	-1.269216749991756
4	3	0.05059475000598468
4	3	0.6503760000050534
4	3	0.6579072500026086
4	3	1.0654697499994654
4	3	1.3961562500044238
4	3	1.5875937499949941
4	3	1.7400937500060536
4	3	1.8771249999990687
4	3	1.9612187500024447
4	3	1.9684062500018626
4	4	-5.805778750000172
4	4	-5.799716249995981
4	4	-5.385497499999474
4	4	-1.6056234999850858
4	4	-1.1742797499900917
4	4	-1.1375297499907902
4	4	-0.9064047499850858
4	4	1.0433755000121891
4	4	1.0754067500092788
4	4	1.7686557500128401
4	4	1.7731557500083
4	4	1.7778745000105118
4	5	-5.2918092500040075
4	5	-5.287090500001796
4	5	-5.269746749996557
4	5	-4.450653000007151
4	5	-4.167935250006849
4	5	-4.163341499996022
4	5	-4.145841500008828
4	5	-2.5030915000097593
4	5	-2.1986540000070818
4	5	-2.086529000007431
4	5	-2.0703102499974193
4	5	-2.0449352499999804
4	5	-0.9726237499999115
4	5	-0.961779999997816
4	5	0.28409499999543186
4	5	0.2884387499943841
4	5	0.4865637499897275
4	5	0.7010325000010198
4	5	0.7155012500006706
4	6	-5.777746499996283
4	6	-5.24224750000576
4	6	-5.228560000003199
4	6	-5.170185000009951
4	6	-4.949966250002035
4	6	-4.712435000008554
4	6	-2.8116850000078557
4	6	-0.9976547500118613
4	6	0.24087549999239855
4	6	0.24796924999100156
4	6	0.33143799999379553
4	6	0.3374067499971716
4	6	0.8811254999891389
4	6	1.4621879999904195
4	6	1.7252817499975208
4	6	1.7517817499901867
4	7	-5.3918097500136355
4	7	-5.387059750006301
4	7	-5.378966000003857
4	7	-5.041591000001063
4	7	-4.978497250005603
4	7	-3.7372160000086296
4	7	-3.7235597500111908
4	7	-3.401028500011307
4	7	-3.3968410000088625
4	7	-3.3784347500040894
4	7	-3.2764357500127517
4	7	-2.960154500004137
4	7	-1.203060750005534
4	7	-1.198248250017059
4	7	-1.192685750007513
4	7	-1.185498250008095
4	7	-0.6109367500030203
4	7	-0.6063742499973159
4	7	-0.6009992500039516
4	7	-0.4138117499969667
4	7	-0.40353049999976065
4	7	-0.3966554999933578
4	7	0.48640700000396464
4	7	0.49090699999942444
4	7	1.1720632500073407
4	7	1.2162194999982603
4	7	1.998937249998562
4	8	-5.078059999999823
4	8	-5.021809999991092
4	8	-3.5308099999965634
4	8	-3.326528749996214
4	8	-3.0890912500035483
4	8	-2.4782484999886947
4	8	-2.4736234999872977
4	8	-2.467810999980429
4	8	-0.8145609999919543
4	8	-0.7213734999822918
4	8	-0.7166547499800799
4	8	-0.7101234999863664
4	8	0.0002505000156816095
4	8	0.0049380000127712265
4	8	0.007781750013236888
4	8	0.01009425001393538
4	8	0.3637505000078818
4	8	0.8428130000102101
4	8	0.8889380000182427
4	9	-5.151685000004363
4	9	-5.147372499995981
4	9	-4.865872499998659
4	9	-4.611059999995632
4	9	-4.606872500007739
4	9	-4.60162250000576
4	9	-4.3361224999971455
4	9	-4.292403750005178
4	9	-4.2799037500080885
4	9	-2.5103422500105808
4	9	-2.4965610000072047
4	9	-1.5004360000020824
4	9	-0.41990575000818353
4	9	0.03746924998995382
4	9	0.4130942499905359
4	9	0.4187192499957746
4	9	0.5362504999939119
4	9	0.5476254999957746
4	9	1.1327192499884404
4	10	-4.294122249993961
4	10	-4.244653499990818
4	10	-3.548435749995406
4	10	-3.5038107499858597
4	10	-2.288904499990167
4	10	-2.279935749989818
4	10	-2.276341999997385
4	10	-1.778310749985394
4	10	-1.7518107499927282
4	10	-1.3148419999924954
4	10	0.2855320000089705
4	10	0.2906257499998901
4	10	0.29731325000466313
4	10	0.5677820000128122
4	10	0.574531999998726
4	10	0.7305007500108331
4	10	0.8830945000081556
4	10	0.9186882500071079
4	10	1.8175622499984456
4	10	1.9294060000102036
4	11	-4.44618499999342
4	11	-4.433497499994701
4	11	-4.427466249995632
4	11	-4.421247499994934
4	11	-4.415216249995865
4	11	-3.8794974999909755
4	11	-3.8480287499987753
4	11	-2.836623499999405
4	11	-2.8304047499987064
4	11	-1.1005297499941662
4	11	-1.0956235000048764
4	11	-1.0902797500020824
4	11	0.48881300001812633
4	11	0.4933442500187084
4	11	0.4988755000085803
4	11	0.8381567500182427
4	11	1.1723442500078818
4	11	1.378781750012422
4	11	1.645750500014401
4	11	1.6501880000141682
4	11	1.661063000006834
4	12	-5.258684250002261
4	12	-5.0399655000073835
4	12	-4.136685250006849
4	12	-3.6812790000112727
4	12	-2.684372750009061
4	12	-2.6784665000013774
4	12	-2.673185250008828
4	12	-0.8550300000060815
4	12	-0.8501237500022398
4	12	-0.03621750000456814
4	12	0.2640324999956647
4	12	0.3829074999957811
4	12	0.39328249999380205
4	13	-4.230809999979101
4	13	-3.912559999982477
4	13	-3.5524974999862025
4	13	-3.54815374998725
4	13	-3.543497499980731
4	13	-3.5373724999808474
4	13	-3.3369672499829903
4	13	-3.0510297499859007
4	13	0.4181255000148667
4	13	0.4226567500154488
4	13	0.4281567500147503
4	13	0.6156880000198726
4	13	0.6716255000064848
4	13	1.1122505000093952
4	14	-4.80124749999959
4	14	-3.3113725000002887
4	14	-3.0866537499969127
4	14	-2.7633725000050617
4	14	-2.75865375000285
4	14	-2.029061000008369
4	14	-2.018154749996029
4	14	-2.0134985000040615
4	14	-1.7635609999997541
4	14	-1.3603109999967273
4	14	-1.041092250001384
4	14	-1.0213422500091838
4	14	-0.7751859999989392
4	14	-0.7705609999975422
4	14	-0.7630610000051092
4	14	-0.755217249999987
4	14	0.7437817500176607
4	14	0.7521255000174278
4	15	-5.536809749988606
4	15	-5.200340999988839
4	15	-4.01580974998069
4	15	-3.443028499983484
4	15	0.24400075001176447
4	15	0.3599695000157226
4	15	0.6650007500138599
4	15	1.06384450000769
4	15	1.3931570000131615
4	16	-4.812903749974794
4	16	-4.51712249997945
4	16	-4.499122499983059
4	16	-4.490122499977588
4	16	-3.871841249987483
4	16	-3.757716249980149
4	16	-3.6550599999754922
4	16	-3.110934999975143
4	16	-2.3039672499871813
4	16	-0.15131199998722877
4	16	-0.08556199997838121
4	16	-0.07537449998199008
4	16	0.3715630000224337
4	17	-5.709184499995899
4	17	-5.704996999993455
4	17	-5.699340749997646
4	17	-5.6916219999984605
4	17	-4.41134074999718
4	17	-4.2289345000026515
4	17	-4.224371999996947
4	17	-3.7684354999946663
4	17	-3.0150604999944335
4	17	-2.4749667500000214
4	17	-2.4670604999992065
4	17	-2.4609042499942007
4	17	-2.3052480000042124
4	17	-2.126154249999672
4	17	-0.9386240000021644
4	17	0.2606884999986505
4	17	1.0543760000000475
4	17	1.0590010000014445
4	18	-5.145778750011232
4	18	-3.2899662499985425
4	18	-3.280311000009533
4	18	0.3860629999981029
4	18	0.3908754999865778
4	19	-4.4979042500053765
4	19	-3.9919355000165524
4	19	-3.6032480000139913
4	19	-3.576060500010499
4	19	-3.4631542500137584
4	19	-0.24103024999203626
4	19	-0.20890524999413174
4	19	-0.130811499999254
4	19	0.7288437499955762
4	19	0.7384687500016298
4	20	-4.585435000000871
4	20	-4.580966249995981
4	20	-4.575903749995632
4	20	-4.354903749990626
4	20	-4.007903749996331
4	20	-4.003622499993071
4	20	-3.1686234999942826
4	20	-2.4631547500030138
4	20	-0.23209325000061654
4	20	-0.017499499997938983
4	20	1.3918120000016643
4	21	-5.384027500011143
4	21	-5.379246250013239
4	21	-5.268371250014752
4	21	-4.364872249992914
4	21	-2.3521857500018086
4	21	-2.3476545000012266
4	21	-0.8470919999963371
4	21	-0.841841999994358
4	21	-0.8354045000014594
4	21	-0.7861857499956386
4	21	-0.49359199999889825
4	21	-0.4455294999934267
4	21	-0.24349824999808334
4	21	0.6932194999972126
4	21	0.7088757500023348
4	22	-5.587091000008513
4	22	-5.2387472500122385
4	22	-4.804153500008397
4	22	-3.9287160000094445
4	22	-3.3696232500078622
4	22	-1.8888420000148471
4	22	-1.8557482500036713
4	22	-1.434248250006931
4	22	-1.4300607500044862
4	22	-1.0699367500055814
4	22	-1.061249250007677
4	22	-1.0528117500070948
4	22	-0.9497180000180379
4	22	-0.2360305000183871
4	23	-5.368059249987709
4	23	-5.363216500001727
4	23	-5.35784149999381
4	23	-5.016591499996139
4	23	-5.012153999996372
4	23	-4.985904000001028
4	23	-4.03812274998927
4	23	-3.0021852499921806
4	23	-2.072498749999795
4	23	-2.0679050000035204
4	23	-2.0617487499985145
4	23	-1.6163112499925774
4	23	-1.6121237500046846
4	23	-0.31353099999250844
4	23	-0.3090622500021709
4	23	1.061719000004814
4	24	-5.433810000002268
4	24	-4.258748499996727
4	24	-4.11759224999696
4	24	-3.84493599999405
4	24	-3.668123499985086
4	24	-3.432217249996029
4	24	-3.4228109999967273
4	24	-3.3428422499855515
4	24	-3.228779749988462
4	24	-2.7443734999833396
4	24	-1.046374499986996
4	24	-0.6704369999933988
4	24	0.6449380000121891
4	25	-5.111684499992407
4	25	-4.769091749985819
4	25	-4.584122999993269
4	25	-4.324529249992338
4	25	-3.694497999982559
4	25	-3.6905292499868665
4	25	-3.6784042499930365
4	25	-3.4579042499826755
4	25	-3.4449667499866337
4	25	-3.2306229999958305
4	25	-3.1614667499961797
4	25	-1.5964989999920363
4	25	-1.4023427499923855
4	25	-0.2735302499932004
4	25	1.051812500008964
4	26	-5.250591499992879
4	26	-5.092091500002425
4	26	-4.343872749988805
4	26	-3.806810249996488
4	26	-3.7954352499946253
4	26	-2.2357800000027055
4	26	0.1815939999942202
4	26	0.1887189999979455
4	26	0.41975025000283495
4	26	1.3140315000055125
4	26	1.3265002499974798
4	26	1.9668117499968503
4	27	-5.946496749995276
4	27	-5.645059249989572
4	27	-5.5279342499998165
4	27	-5.52352799999062
4	27	-4.855840499993064
4	27	-4.530247749993578
4	27	-4.257903999998234
4	27	-4.253560249999282
4	27	-4.079560250000213
4	27	-3.599997749988688
4	27	-3.130185249989154
4	27	-3.125810249999631
4	27	-3.119310249996488
4	27	-3.0662164999957895
4	27	-2.1482799999939743
4	27	-2.144155000001774
4	27	-2.13921749999281
4	27	-2.0584674999990966
4	27	-2.0462174999993294
4	27	-2.0176237499981653
4	27	-1.5711237499926938
4	27	0.5032190000201808
4	27	0.5986565000202972
4	27	0.6640627500164555
4	28	-5.71130974998232
4	28	-5.575028499981272
4	28	-4.845278499982669
4	28	-4.787184749991866
4	28	-3.5069982499844627
4	28	-3.3961544999910984
4	28	-3.318091999986791
4	28	-2.9796232499938924
4	28	-2.8366232499829493
4	28	-2.4512794999900507
4	28	-1.126373249993776
4	28	-1.121529499985627
4	28	-1.1164982499904
4	28	-0.7209992499847431
4	28	0.1330945000081556
4	28	0.13775075001467485
4	28	0.14321950000885408
4	28	0.4428757500136271
4	28	0.44753200000559445
4	28	0.4652195000089705
4	29	-3.8232477499987
4	29	-3.793028999993112
4	29	-3.578591499986942
4	29	-0.5179362499911804
4	29	-0.5133737500000279
4	29	-0.5072799999907147
4	29	0.25568875001044944
4	29	0.26028250000672415
4	29	0.2651575000054436
4	29	0.40543774999969173
4	29	0.927562750002835
4	29	1.007531499999459
4	29	1.8167815000051633
4	29	1.8337502500071423
4	30	-5.772496999998111
4	30	-5.588653249986237
4	30	-4.882310499990126
4	30	-4.873779249988729
4	30	-3.826685499996529
4	30	-3.7564354999922216
4	30	-3.6400604999944335
4	30	-3.1501542499900097
4	30	-2.8989042499888455
4	30	-2.8750292499898933
4	30	-2.4864052499906393
4	30	-2.4819989999959944
4	30	-1.7095927499904064
4	30	-1.7002490000013495
4	30	-1.629467749997275
4	30	-1.2260302499926183
4	30	-0.20790524999029003
4	30	-0.2032489999983227
4	30	0.43856249999953434
4	30	0.4945624999963911
4	30	0.5499687499977881
4	30	0.681750000003376
4	31	-4.6163097499957075
4	31	-1.7813107499969192
4	31	-1.776966999997967
4	31	-1.7723107499914477
4	31	-1.737091999995755
4	31	-1.7149669999926118
4	31	-0.14709299999231007
4	31	-0.14268674999766517
4	31	0.126969500008272
4	31	0.3713445000030333
4	31	0.8985320000065258
4	31	0.9172820000094362
4	32	-5.222122249993845
4	32	-4.985216000000946
4	32	-4.53762225000537
4	32	-4.384779500003788
4	32	-4.2205919999978505
4	32	-4.091591999997036
4	32	-3.882842000006349
4	32	-3.8317170000082115
4	32	-3.353435750002973
4	32	-3.0689669999992475
4	32	-3.061123250008677
4	32	-3.053998250004952
4	32	-1.9826867500087246
4	32	-1.532374250004068
4	32	-1.527343000008841
4	32	-1.5202180000051158
4	32	-1.1424055000097724
4	32	-1.116249250000692
4	32	-1.1092805000080261
4	32	-0.5867180000059307
4	32	-0.16456175000348594
4	32	-0.13299925001047086
4	32	-0.12868675000208896
4	32	0.28915699999197386
4	32	1.0137185000057798
4	32	1.289656000008108
4	32	1.299624750012299
4	32	1.306406000003335
4	32	1.848749750002753
4	32	1.8679060000140453
4	33	-5.93165324999427
4	33	-5.584528249994037
4	33	-3.2911854999983916
4	33	-2.0271240000001853
4	33	-1.9962802500085672
4	33	0.022125999996205792
4	33	0.28259374998742715
4	33	0.2875624999869615
4	33	0.2922812499891734
4	33	0.43221874999289867
4	33	0.4464062499901047
4	33	0.686062499997206
4	33	0.6936249999998836
4	33	0.6956874999887077
4	33	0.7107812499889405
4	33	1.409937499993248
4	33	1.966374999989057
4	34	-5.7911219999950845
4	34	-5.4168407499964815
4	34	-4.142465750002884
4	34	-3.4991542500065407
4	34	-3.2835605000000214
4	34	-2.9046542500000214
4	34	-2.5036855000071228
4	34	-2.498998000010033
4	34	-1.1418739999935497
4	34	-0.9137177499942482
4	34	-0.5345614999969257
4	34	-0.04249899998831097
4	34	0.0489697500015609
4	34	0.6741572500031907
4	34	1.3129375000135042
4	34	1.4386250000097789
4	35	-5.676497249995009
4	35	-5.664184749999549
4	35	-5.475247249996755
4	35	-5.033809749991633
4	35	-4.902622249996057
4	35	-4.8309347499889554
4	35	-4.17059199999494
4	35	-4.12312324999948
4	35	-4.0083107499958714
4	35	-3.887060749999364
4	35	-3.7319982499902835
4	35	-2.9913732499990147
4	35	-2.986873250003555
4	35	-2.658341999995173
4	35	-1.6209680000029039
4	35	-1.3045929999934742
4	35	-1.3004055000055814
4	35	-0.2536554999969667
4	35	-0.09771800000453368
4	35	-0.028874249997898005
4	35	0.06425075000151992
4	35	1.1819997499987949
4	35	1.4979997500049649
4	36	-5.703559000001405
4	36	-5.188278750007157
4	36	-5.184153750014957
4	36	-4.930841250010417
4	36	-4.240966250014026
4	36	-4.236653750005644
4	36	-4.229653750007856
4	36	-4.227685000005295
4	36	-3.781997500016587
4	36	-2.1298422499967273
4	36	-2.1247172500006855
4	36	-2.1189672499895096
4	36	0.29496924999693874
4	36	0.7698442499968223
4	36	1.075844250008231
4	36	1.1098754999984521
4	36	1.13228175000404
4	36	1.1367504999943776
4	36	1.3050317500019446
4	37	-4.4970597499923315
4	37	-3.9410597499954747
4	37	-2.515341999998782
4	37	-2.5108732500084443
4	37	-2.5054357500048354
4	37	-2.4990919999981998
4	37	-2.332810749998316
4	37	-1.0184045000059996
4	37	-1.0126232500042534
4	37	-0.9463107500050683
4	37	0.3485320000036154
4	37	0.35328199999639764
4	37	0.35859449999406934
4	37	0.43059449999418575
4	37	1.8288434999994934
4	37	1.877530999990995
4	38	-5.558653249987401
4	38	-5.549590749986237
4	38	-5.234371999991708
4	38	-4.84946574998321
4	38	-4.783996999991359
4	38	-1.545280249993084
4	38	-1.533561499993084
4	38	-1.2188114999880781
4	38	-0.6639989999966929
4	38	-0.653530249997857
4	38	0.16743850000784732
4	38	0.17650100000901148
4	38	0.18393850000575185
4	38	0.4302822500030743
4	38	0.9713750000082655
4	39	-5.185434500002884
4	39	-5.180903250002302
4	39	-5.0488407500088215
4	39	-4.9913720000040485
4	39	-4.916090750004514
4	39	-4.829715750005562
4	39	-4.557154250011081
4	39	-4.310904250000021
4	39	-3.5639980000123614
4	39	-2.997123000008287
4	39	-2.993029250006657
4	39	-2.9883417500095675
4	39	-2.585310499998741
4	39	-1.4537177500023972
4	39	-1.4497490000067046
4	39	-1.3650615000078687
4	39	-1.3259990000078687
4	39	-1.1255927500023972
4	39	0.10712599998805672
4	39	0.1165634999924805
4	39	0.37206249999871943
4	39	0.5277500000083819
4	39	0.5615000000107102
4	39	0.7666250000038417
4	39	0.7806562500045402
4	39	0.7969062500051223
4	40	-5.812841250008205
4	40	-4.01234125001065
4	40	-3.750747500002035
4	40	-3.129404750012327
4	40	-3.1248422500066226
4	40	-3.1190610000048764
4	40	-2.8699985000130255
4	40	-2.8380610000167508
4	40	-1.6826860000146553
4	40	-1.0934672500152374
4	40	-0.5560932500084164
4	40	-0.5425307500117924
4	40	0.06437549999100156
4	40	0.146656749988324
4	40	1.8568744999793125
4	40	1.8781557499896735
4	41	-5.107903250012896
4	41	-4.057903250009986
4	41	-4.048309500009054
4	41	-3.9812782500084722
4	41	-3.8298095000063768
4	41	-3.5210907500149915
4	41	-3.51209075000952
4	41	-2.99581050001143
4	41	-2.9717792500159703
4	41	-2.197373000017251
4	41	-1.2871542500070063
4	41	-1.2764042500057258
4	41	-1.2676230000070063
4	41	-0.5601239999959944
4	41	-0.013342749996809289
4	41	-0.008592750004027039
4	41	-0.0030927500047255307
4	41	0.2234385000047041
4	41	1.822156249996624
4	42	-5.206872750000912
4	42	-4.835216499996022
4	42	-4.537622749994625
4	42	-4.528247750000446
4	42	-4.5200602499971865
4	42	-3.7132164999929955
4	42	-3.4355915000051027
4	42	-3.267405000005965
4	42	-3.250936249998631
4	42	-3.2447174999979325
4	42	-2.2553112500027055
4	42	-2.2501862500066636
4	42	-1.4130925000063144
4	42	-0.9078737499949057
4	42	-0.8980612500017742
4	42	0.7078752499946859
4	43	-5.122184500010917
4	43	-5.017747000019881
4	43	-4.366465750019415
4	43	-3.9759042500081705
4	43	-3.971747999996296
4	43	-3.487466749997111
4	43	-3.4832167499989737
4	43	-3.4786542500078212
4	43	-3.35559175000526
4	43	-3.2371229999989737
4	43	-2.301404249999905
4	43	-2.297091750006075
4	43	-2.142466749995947
4	43	-2.0834354999969946
4	43	0.20956350000051316
4	43	0.43740724999224767
4	43	0.6321259999967879
4	43	0.686781249998603
4	43	1.1784374999988358
4	43	1.9115624999976717
4	44	-5.6949654999916675
4	44	-5.079496749996906
4	44	-4.585122749995207
4	44	-4.56896649999544
4	44	-4.152653999990434
4	44	-3.9386539999977686
4	44	-3.6570914999902016
4	44	-3.6525914999947418
4	44	-3.637403999993694
4	44	-3.3673102499888046
4	44	-3.3324352499912493
4	44	-1.5440925000002608
4	44	-1.5358112499961862
4	44	-1.5134362499957206
4	44	-1.3600612500013085
4	44	-1.3455612499965355
4	44	0.3616252500069095
4	44	0.38065649999771267
4	44	0.9393127500079572
4	44	1.1491565000033006
4	44	1.3393127500021365
4	45	-5.470872249992681
4	45	-4.949840999994194
4	45	-4.933653499989305
4	45	-4.852809749994776
4	45	-4.60484099999303
4	45	-4.319747249988723
4	45	-3.2932482499891194
4	45	-3.135123249987373
4	45	-3.059341999993194
4	45	-2.887279499991564
4	45	-2.881841999987955
4	45	-2.6402169999928446
4	45	-1.8690294999978505
4	45	-1.8645294999878388
4	45	-1.85827949999657
4	45	-1.243560749993776
4	45	-1.2123732499894686
4	45	-1.2063107499998296
4	45	-0.26281174999894574
4	45	-0.25337424999452196
4	45	1.0522507499990752
4	45	1.0569382500107167
4	45	1.0654382500069914
4	45	1.7686872500053141
4	46	-5.835340249992441
4	46	-5.346777749989997
4	46	-4.302653749997262
4	46	-4.2981849999923725
4	46	-3.9194974999991246
4	46	-3.70437249999668
4	46	-3.6772162499983096
4	46	-3.6310287499945844
4	46	-3.4598100000002887
4	46	-3.016903750001802
4	46	-2.948216249991674
4	46	-2.862184999990859
4	46	-1.3380297499970766
4	46	-1.3339985000056913
4	46	-1.3282484999945154
4	46	0.009407749996171333
4	46	0.9491880000132369
4	46	1.419906750015798
4	47	-5.95240300000296
4	47	-4.789153999998234
4	47	-4.784497750006267
4	47	-4.779622750007547
4	47	-2.503842500009341
4	47	-1.408623750001425
4	47	-0.5751862500037532
4	47	-0.471748750002007
4	47	-0.45931125000061
4	47	-0.4519987500098068
4	47	-0.21618625000701286
4	47	-0.21199875000456814
4	47	0.3697814999904949
4	47	1.147968999997829
4	47	1.9867502499982947
4	48	-5.899747250005021
4	48	-5.693122249998851
4	48	-5.688653500008513
4	48	-5.683184749999782
4	48	-4.5989347499998985
4	48	-4.496559749997687
4	48	-4.491840999995475
4	48	-4.485434750007698
4	48	-3.5506545000098413
4	48	-3.464498250003089
4	48	-3.445779500005301
4	48	-2.8474357500090264
4	48	-2.842998250009259
4	48	-2.837842000008095
4	48	-2.83034200000111
4	48	-1.4732795000018086
4	48	-1.1164679999928921
4	48	0.758344500005478
4	48	0.7692507500032661
4	48	0.7776257500081556
4	48	0.928875750003499
4	49	-5.654746999993222
4	49	-5.103715749995899
4	49	-4.776653249995434
4	49	-4.479028250003466
4	49	-4.308122999995248
4	49	-4.245622999995248
4	49	-4.173748000001069
4	49	-3.553466750003281
4	49	-3.548935500002699
4	49	-3.5442480000056094
4	49	-3.530529249997926
4	49	-3.3770917499932693
4	49	-3.372966750001069
4	49	-3.360529249999672
4	49	-1.806686500000069
4	49	-1.6385615000035614
4	49	-1.6290927500085672
4	49	-1.5191552500036778
4	49	-0.9379052500007674
4	49	-0.933749000003445
4	49	-0.927280250005424
4	49	-0.9191865000029793
4	49	-0.9076864999951795
4	49	0.05640724999830127
4	49	0.07165724999504164
4	49	0.2060322500037728
4	49	0.9706250000017462
4	49	1.3660312499996508
4	49	1.3726874999993015
4	49	1.378812499999185
4	49	1.963406249997206
4	50	-5.334965999980341
4	50	-3.766215999989072
4	50	-3.76149724998686
4	50	-3.6177472499839496
4	50	-2.8304982499830658
4	50	-2.6668419999914477
4	50	-2.2644669999863254
4	50	-2.259716999993543
4	50	-1.9876232499955222
4	50	-1.8722794999921462
4	50	-0.007436749991029501
4	50	-0.003124249997199513
4	50	0.3305945000029169
4	50	0.362063250009669
4	50	1.2016570000123465
