trial	set_size	probe_letter	match	correct	response	response_time	artifact
1	8	X	2	1	52	2.076	0
2	4	X	2	1	52	1.5295	0
3	8	X	1	1	51	2.08025	0
4	6	X	1	1	51	1.968	0
5	8	X	2	1	52	1.38425	0
6	6	X	2	1	52	1.18375	0
7	6	X	2	1	52	1.18025	0
8	8	X	1	1	51	1.4705	0
9	6	X	2	1	52	1.1205	0
10	8	X	1	0	2	1.215	0
11	4	X	2	1	52	1.24925	0
12	8	X	1	1	51	1.3305	0
13	6	X	1	1	51	1.71875	0
14	4	X	2	1	52	1.1315	0
15	4	X	2	1	52	1.1175	0
16	6	X	1	1	51	2.50925	0
17	8	X	2	1	52	1.20325	0
18	6	X	2	1	52	1.1945	0
19	8	X	1	1	51	1.26975	0
20	4	X	2	1	52	1.15025	0
21	6	X	1	1	51	1.28775	0
22	6	X	2	0	1	1.336	0
23	4	X	1	1	51	1.5385	0
24	6	X	1	1	51	1.6755	0
25	6	X	2	1	52	1.1365	0
26	4	X	1	1	51	1.17375	0
27	6	X	1	1	51	1.72425	0
28	8	X	2	0	1	1.24875	0
29	4	X	1	1	51	1.2495	0
30	6	X	2	1	52	1.0625	0
31	6	X	1	0	2	1.11075	1
32	4	X	1	1	51	1.564	0
33	6	X	2	1	52	1.4745	0
34	4	X	2	1	52	1.141	0
35	4	X	2	1	52	0.841	1
36	6	X	1	1	51	1.602	0
37	8	X	1	1	51	1.33175	0
38	8	X	2	1	52	1.3895	0
39	4	X	2	1	52	1.04525	0
40	8	X	1	1	51	1.07275	0
41	4	X	1	1	51	0.959	0
42	6	X	1	1	51	1.116	0
43	4	X	2	1	52	1.0125	0
44	8	X	2	1	52	0.971	0
45	8	X	1	1	51	1.293	0
46	4	X	1	1	51	1.44025	0
47	4	X	2	1	52	0.90175	0
48	6	X	2	1	52	0.94525	0
