unit_id	statistic	s00	s01	s02	s03	s04	s05	s06	s07	s08	s09	s10	s11	s12	s13	s14	s15	s16	s17	s18	s19	s20	s21	s22	s23	s24	s25	s26	s27	s28	s29	s30	s31	s32	s33	s34	s35	s36	s37	s38	s39	s40	s41	s42	s43	s44	s45	s46	s47	s48	s49	s50	s51	s52	s53	s54	s55	s56	s57	s58	s59	s60	s61	s62	s63
1	mean	-1.1304502487182617	-1.1207612752914429	-1.1613882780075073	-1.2215595245361328	-1.2182759046554565	-1.0697047710418701	-0.8082830905914307	-0.6799994111061096	-1.1092721223831177	-2.4580259323120117	-4.657724857330322	-6.94981050491333	-7.991222858428955	-6.396215915679932	-1.4810553789138794	6.223658561706543	15.046184539794922	22.839677810668945	27.878429412841797	29.49848747253418	28.184518814086914	25.148378372192383	21.694610595703125	18.71502685546875	16.505319595336914	14.891456604003906	13.511920928955078	12.075806617736816	10.487398147583008	8.824976921081543	7.2354960441589355	5.827320098876953	4.619319438934326	3.5556833744049072	2.556853771209717	1.565621256828308	0.5649093389511108	-0.4305726885795593	-1.391778826713562	-2.2877633571624756	-3.091811418533325	-3.7870962619781494	-4.372713565826416	-4.8629679679870605	-5.276076793670654	-5.619530200958252	-5.884859561920166	-6.057818412780762	-6.136288642883301	-6.140847682952881	-6.1084394454956055	-6.074594020843506	-6.057456970214844	-6.05437707901001	-6.050539016723633	-6.03059720993042	-5.985513210296631	-5.913218021392822	-5.816808700561523	-5.702738285064697	-5.57832670211792	-5.447685241699219	-5.3086137771606445	-5.1543660163879395
1	std	4.609695911407471	4.624568939208984	4.651576995849609	4.681273937225342	4.715524673461914	4.743821620941162	4.756135940551758	4.830010414123535	5.053115367889404	5.251041889190674	5.118422985076904	4.830003261566162	5.162186145782471	6.099780559539795	6.568394184112549	5.948634147644043	4.755159378051758	4.384836673736572	5.025815010070801	5.423105716705322	5.115412712097168	4.474982738494873	4.077617168426514	4.128470420837402	4.396141529083252	4.633426666259766	4.7593841552734375	4.797220706939697	4.797320365905762	4.81300163269043	4.873460292816162	4.94723653793335	4.995138645172119	5.0523247718811035	5.175624370574951	5.336978912353516	5.464654922485352	5.542223930358887	5.594280242919922	5.627501010894775	5.631798267364502	5.598545074462891	5.518734455108643	5.397822856903076	5.274341106414795	5.191914081573486	5.155087947845459	5.1386332511901855	5.130215644836426	5.138484477996826	5.164093494415283	5.183653354644775	5.161558628082275	5.071279525756836	4.924052715301514	4.78347635269165	4.715225696563721	4.713435649871826	4.727355480194092	4.741870880126953	4.765906810760498	4.778806209564209	4.759484767913818	4.7353315353393555
2	mean	-0.8305980563163757	-0.7108482122421265	-0.5942266583442688	-0.5000939965248108	-0.4227042496204376	-0.3101550042629242	-0.07102693617343903	0.37689992785453796	1.0364338159561157	1.7968395948410034	2.4930737018585205	3.056697368621826	3.6686267852783203	4.778233051300049	6.908865451812744	10.311985969543457	14.670631408691406	19.073196411132812	22.33595848083496	23.527305603027344	22.39630126953125	19.456953048706055	15.691995620727539	12.071250915527344	9.166250228881836	7.04533052444458	5.4424309730529785	4.037304878234863	2.6616299152374268	1.3377397060394287	0.18329067528247833	-0.713377058506012	-1.3567006587982178	-1.8237497806549072	-2.2010622024536133	-2.536043882369995	-2.8321709632873535	-3.0761334896087646	-3.2639732360839844	-3.4049930572509766	-3.5082848072052	-3.571476697921753	-3.584122896194458	-3.5417630672454834	-3.456617593765259	-3.3552136421203613	-3.2643167972564697	-3.1955807209014893	-3.1398160457611084	-3.075403928756714	-2.9864213466644287	-2.878568649291992	-2.7815656661987305	-2.734907388687134	-2.7642505168914795	-2.8621914386749268	-2.985783815383911	-3.0750560760498047	-3.0844337940216064	-3.0083119869232178	-2.8832883834838867	-2.7643275260925293	-2.6909806728363037	-2.667315721511841
2	std	4.835657119750977	4.831231117248535	4.837733745574951	4.881526947021484	4.949027061462402	5.000436782836914	5.023787021636963	5.060999870300293	5.157855987548828	5.307546615600586	5.48151159286499	5.665948390960693	5.7948384284973145	5.691965103149414	5.178642749786377	4.307923316955566	3.5967042446136475	3.7249932289123535	4.354876518249512	4.66123104095459	4.373696327209473	3.840061664581299	3.7524924278259277	4.325249671936035	5.062161922454834	5.557110786437988	5.729038238525391	5.686254501342773	5.564796447753906	5.427338600158691	5.276673316955566	5.118425369262695	4.970951080322266	4.841247081756592	4.7336578369140625	4.671026706695557	4.672478199005127	4.713840961456299	4.737653732299805	4.7091169357299805	4.6549391746521	4.631778717041016	4.653352737426758	4.682902812957764	4.691071033477783	4.678226470947266	4.658952713012695	4.6553239822387695	4.683757305145264	4.73656702041626	4.792591094970703	4.836307048797607	4.857341289520264	4.855493068695068	4.850953102111816	4.858162879943848	4.848840236663818	4.782944679260254	4.678638458251953	4.604442119598389	4.588641166687012	4.588081359863281	4.564198970794678	4.535068988800049
3	mean	-0.2274714857339859	0.04469132795929909	0.382732629776001	0.7068429589271545	0.9730386734008789	1.213833212852478	1.5359103679656982	2.062354326248169	2.8429667949676514	3.7933263778686523	4.728127479553223	5.503205299377441	6.189557075500488	7.141550540924072	8.856060028076172	11.65222454071045	15.352182388305664	19.194169998168945	22.095815658569336	23.159290313720703	22.130205154418945	19.5258846282959	16.355619430541992	13.60666561126709	11.804617881774902	10.879557609558105	10.361739158630371	9.734245300292969	8.714685440063477	7.3302998542785645	5.804368019104004	4.37623405456543	3.178882598876953	2.221285104751587	1.4403001070022583	0.760687530040741	0.12781192362308502	-0.4849317669868469	-1.0786986351013184	-1.6347635984420776	-2.1254594326019287	-2.530961036682129	-2.854323387145996	-3.1246297359466553	-3.385186195373535	-3.6744227409362793	-4.011066913604736	-4.390366077423096	-4.790640830993652	-5.18523645401001	-5.555421352386475	-5.899841785430908	-6.235202789306641	-6.584047317504883	-6.953486919403076	-7.317447185516357	-7.618361473083496	-7.7923126220703125	-7.802709102630615	-7.659341812133789	-7.410502910614014	-7.115972518920898	-6.819657325744629	-6.537481784820557
3	std	7.934886932373047	7.852034091949463	7.764917373657227	7.703151702880859	7.705097198486328	7.792263984680176	7.944615364074707	8.117919921875	8.298918724060059	8.50141429901123	8.689681053161621	8.746652603149414	8.526166915893555	7.910194396972656	6.8689446449279785	5.611321449279785	4.780226230621338	5.00151252746582	5.75494909286499	6.12160062789917	5.773874759674072	5.029905796051025	4.6511664390563965	5.11270809173584	6.007343769073486	6.796802043914795	7.285895347595215	7.520257949829102	7.630141258239746	7.725104331970215	7.847987174987793	7.996171474456787	8.179896354675293	8.425677299499512	8.703954696655273	8.911615371704102	8.971234321594238	8.913515090942383	8.833976745605469	8.800592422485352	8.834124565124512	8.92982006072998	9.048070907592773	9.12112045288086	9.102294921875	8.994416236877441	8.836207389831543	8.68664264678955	8.615150451660156	8.665525436401367	8.804923057556152	8.929113388061523	8.943985939025879	8.840240478515625	8.681464195251465	8.531216621398926	8.415913581848145	8.343572616577148	8.306640625	8.269208908081055	8.203428268432617	8.140501022338867	8.1475248336792	8.25132942199707
4	mean	-0.15952852368354797	-0.04948962852358818	0.046179626137018204	0.08741844445466995	0.06119587644934654	-0.02402353100478649	-0.1735343635082245	-0.4442344903945923	-0.9391701221466064	-1.7280701398849487	-2.71452260017395	-3.5295498371124268	-3.5543158054351807	-2.1274466514587402	1.1195197105407715	5.967870712280273	11.552417755126953	16.62229347229004	20.02138328552246	21.148042678833008	20.156803131103516	17.809085845947266	15.07365894317627	12.702458381652832	10.992998123168945	9.819729804992676	8.85798454284668	7.836459636688232	6.676863670349121	5.476577281951904	4.389928340911865	3.5096335411071777	2.8216967582702637	2.2406973838806152	1.6795251369476318	1.0987435579299927	0.5096457004547119	-0.05657606199383736	-0.5811397433280945	-1.0670851469039917	-1.5258320569992065	-1.9590991735458374	-2.3536839485168457	-2.6918632984161377	-2.966914653778076	-3.1909313201904297	-3.3906943798065186	-3.5953876972198486	-3.8239731788635254	-4.0778117179870605	-4.341757297515869	-4.592665672302246	-4.810817718505859	-4.9871087074279785	-5.122467041015625	-5.221754550933838	-5.288204669952393	-5.321824073791504	-5.320550918579102	-5.280979156494141	-5.198777198791504	-5.072210788726807	-4.909284591674805	-4.731661796569824
4	std	5.107600212097168	5.0273237228393555	5.010449409484863	5.036890983581543	5.0912981033325195	5.1884660720825195	5.353282928466797	5.615472793579102	6.007388114929199	6.568375587463379	7.33513069152832	8.219640731811523	8.884133338928223	8.8545560836792	7.81667947769165	5.873725414276123	3.697244882583618	2.669973611831665	3.174452304840088	3.53559947013855	3.2282021045684814	2.6537911891937256	2.472177267074585	2.7968854904174805	3.201190233230591	3.454986333847046	3.5682504177093506	3.6298820972442627	3.677051067352295	3.679600477218628	3.6651973724365234	3.746885299682617	3.956897735595703	4.200174808502197	4.413159370422363	4.61759614944458	4.827859878540039	5.006139755249023	5.116679668426514	5.16195821762085	5.148544788360596	5.06698751449585	4.945480823516846	4.875614643096924	4.914559364318848	5.00592565536499	5.079561233520508	5.175093650817871	5.382328033447266	5.669274806976318	5.87931489944458	5.914350509643555	5.830291271209717	5.739542007446289	5.679382801055908	5.6229448318481445	5.5591535568237305	5.497694969177246	5.435081481933594	5.362411022186279	5.293881416320801	5.261183261871338	5.271113872528076	5.288668632507324
5	mean	-1.3542001247406006	-1.6600614786148071	-1.9570107460021973	-2.2201452255249023	-2.4296977519989014	-2.582148551940918	-2.742238998413086	-3.1015207767486572	-3.965250253677368	-5.5984649658203125	-7.954577445983887	-10.43949031829834	-11.926886558532715	-11.145530700683594	-7.322405815124512	-0.7373291254043579	7.188105583190918	14.40711498260498	19.135557174682617	20.622886657714844	19.37782859802246	16.758224487304688	14.209033012390137	12.597973823547363	11.976680755615234	11.805569648742676	11.419296264648438	10.427434921264648	8.853208541870117	7.009303569793701	5.2589240074157715	3.832763910293579	2.7852272987365723	2.0609662532806396	1.5848947763442993	1.3064866065979004	1.188980221748352	1.1813879013061523	1.2126327753067017	1.214120626449585	1.1467235088348389	1.0061626434326172	0.8045977354049683	0.5504070520401001	0.24666643142700195	-0.09493435174226761	-0.44544467329978943	-0.7687684893608093	-1.043426275253296	-1.2778531312942505	-1.5082234144210815	-1.7809655666351318	-2.1278746128082275	-2.5431065559387207	-2.9748058319091797	-3.3420639038085938	-3.572800636291504	-3.642387628555298	-3.5899739265441895	-3.5002732276916504	-3.4577386379241943	-3.500152826309204	-3.603074550628662	-3.705636501312256
5	std	4.906001091003418	4.858942985534668	4.874293327331543	4.959550380706787	5.066461563110352	5.145332336425781	5.219389915466309	5.376674175262451	5.605967044830322	5.713186264038086	5.559386253356934	5.355611801147461	5.498383045196533	5.873361110687256	5.829770088195801	4.94066047668457	3.5328657627105713	2.9191410541534424	3.5858898162841797	4.027870178222656	3.6335906982421875	2.861679792404175	2.668919324874878	3.1297378540039062	3.5384254455566406	3.7160849571228027	3.8274388313293457	3.959138870239258	4.0842108726501465	4.256739616394043	4.557920455932617	4.892776966094971	5.093295574188232	5.131671905517578	5.070803165435791	4.929929733276367	4.7538228034973145	4.676366329193115	4.733353137969971	4.784938812255859	4.747474193572998	4.6955647468566895	4.690619468688965	4.683198928833008	4.653213024139404	4.67704439163208	4.788376808166504	4.916379928588867	5.0034565925598145	5.058745384216309	5.093288421630859	5.094962120056152	5.0644145011901855	5.001739501953125	4.88257360458374	4.7326130867004395	4.660387992858887	4.698662281036377	4.737789154052734	4.721736431121826	4.732925891876221	4.83227014541626	4.971374034881592	5.080163955688477
6	mean	-2.150641441345215	-2.071357250213623	-1.9379252195358276	-1.8160762786865234	-1.7919381856918335	-1.9075000286102295	-2.1065027713775635	-2.2364509105682373	-2.118846893310547	-1.6426831483840942	-0.7997849583625793	0.3864890933036804	1.9916772842407227	4.25356912612915	7.462334156036377	11.695446968078613	16.562414169311523	21.174041748046875	24.439701080322266	25.57189178466797	24.50248908996582	21.936357498168945	18.988162994384766	16.619367599487305	15.214393615722656	14.526986122131348	13.976062774658203	13.059347152709961	11.619609832763672	9.840907096862793	8.04887580871582	6.491098403930664	5.234520435333252	4.199822902679443	3.262150764465332	2.335012912750244	1.3977534770965576	0.4755282700061798	-0.3965758979320526	-1.1986616849899292	-1.932229995727539	-2.613041877746582	-3.2584152221679688	-3.875826120376587	-4.45999002456665	-5.001712799072266	-5.500813961029053	-5.9679741859436035	-6.409492015838623	-6.80903959274292	-7.1296868324279785	-7.342751979827881	-7.461462497711182	-7.547478675842285	-7.675689697265625	-7.87762451171875	-8.10708236694336	-8.261680603027344	-8.24899673461914	-8.048554420471191	-7.724887371063232	-7.386079788208008	-7.119935989379883	-6.951328754425049
6	std	5.855814456939697	5.815507888793945	5.759038925170898	5.669488430023193	5.579754829406738	5.536768436431885	5.528467178344727	5.501304626464844	5.418440341949463	5.318751335144043	5.410238742828369	5.920287132263184	6.64724588394165	7.018922805786133	6.60187292098999	5.418981552124023	4.036822319030762	3.4040279388427734	3.680490493774414	3.92828631401062	3.7183003425598145	3.3731935024261475	3.4327337741851807	3.8605175018310547	4.271878242492676	4.556708812713623	4.788537502288818	4.978207588195801	5.079848766326904	5.102182388305664	5.103968620300293	5.117011547088623	5.129605293273926	5.144297122955322	5.198208332061768	5.300978183746338	5.415365695953369	5.510828495025635	5.555150032043457	5.504051208496094	5.400214195251465	5.380837917327881	5.482600688934326	5.594106197357178	5.651302814483643	5.701516628265381	5.782284259796143	5.854118824005127	5.862162113189697	5.809564113616943	5.749790668487549	5.715050220489502	5.684910297393799	5.627609729766846	5.537044048309326	5.4422221183776855	5.38893461227417	5.385499954223633	5.3922834396362305	5.37395715713501	5.3299641609191895	5.301958084106445	5.351487636566162	5.482018947601318
7	mean	-0.10799557715654373	0.4360291659832001	0.9493131041526794	1.301435947418213	1.4467520713806152	1.5309867858886719	1.9209377765655518	3.0869977474212646	5.352956295013428	8.646921157836914	12.44614315032959	16.023229598999023	18.891036987304688	21.157835006713867	23.504079818725586	26.722434997558594	31.079957962036133	35.92926025390625	39.87154006958008	41.4173469543457	39.75249481201172	35.144630432128906	28.76786994934082	22.09248161315918	16.231985092163086	11.604622840881348	8.021539688110352	5.043429374694824	2.333176374435425	-0.1912163645029068	-2.4230213165283203	-4.232672214508057	-5.5899128913879395	-6.576283931732178	-7.318314075469971	-7.915288925170898	-8.412732124328613	-8.82225227355957	-9.15604305267334	-9.445658683776855	-9.736055374145508	-10.064618110656738	-10.442389488220215	-10.8507661819458	-11.255261421203613	-11.62569522857666	-11.949551582336426	-12.231341361999512	-12.481096267700195	-12.701180458068848	-12.881511688232422	-13.005593299865723	-13.06106185913086	-13.044478416442871	-12.956425666809082	-12.794171333312988	-12.54982852935791	-12.215611457824707	-11.789727210998535	-11.277780532836914	-10.689130783081055	-10.032955169677734	-9.318161964416504	-8.557056427001953
7	std	8.89443588256836	8.875904083251953	8.906179428100586	9.035185813903809	9.29057502746582	9.566206932067871	9.667391777038574	9.487553596496582	9.10383129119873	8.698512077331543	8.424363136291504	8.323073387145996	8.315159797668457	8.248228073120117	7.975781440734863	7.548707008361816	7.403690814971924	7.948505401611328	8.805335998535156	9.193723678588867	8.773706436157227	7.922470569610596	7.466372489929199	7.834298133850098	8.586884498596191	9.14497184753418	9.30929946899414	9.214282035827637	9.116823196411133	9.156436920166016	9.270295143127441	9.337562561035156	9.329727172851562	9.29647445678711	9.24818229675293	9.127178192138672	8.927238464355469	8.739107131958008	8.622807502746582	8.564766883850098	8.565706253051758	8.602151870727539	8.589699745178223	8.529109954833984	8.544251441955566	8.696821212768555	8.908744812011719	9.08476734161377	9.208413124084473	9.320070266723633	9.415982246398926	9.41694450378418	9.279208183288574	9.059757232666016	8.867728233337402	8.795695304870605	8.798263549804688	8.677361488342285	8.35435962677002	8.033007621765137	7.932780742645264	8.044784545898438	8.30289077758789	8.68940544128418
8	mean	-2.1630265712738037	-2.0432655811309814	-1.94626784324646	-1.8816070556640625	-1.82845139503479	-1.7325130701065063	-1.5335443019866943	-1.224967122077942	-0.9095473289489746	-0.7706511616706848	-0.8887423872947693	-0.943134069442749	0.002395554445683956	3.3642337322235107	10.43121337890625	21.485525131225586	35.155372619628906	48.5261344909668	58.164024353027344	61.60636901855469	58.4649658203125	50.47425079345703	40.489768981933594	31.108352661132812	23.71617317199707	18.371858596801758	14.35401725769043	10.874913215637207	7.522490501403809	4.298028945922852	1.401782751083374	-0.9955730438232422	-2.8559038639068604	-4.255544662475586	-5.321580410003662	-6.1790971755981445	-6.92072868347168	-7.591795921325684	-8.1914644241333	-8.69373607635498	-9.078964233398438	-9.35809326171875	-9.576056480407715	-9.795487403869629	-10.072036743164062	-10.433392524719238	-10.869302749633789	-11.333890914916992	-11.760395050048828	-12.086380004882812	-12.27877140045166	-12.344964027404785	-12.322799682617188	-12.256592750549316	-12.173081398010254	-12.069339752197266	-11.91714859008789	-11.682252883911133	-11.348153114318848	-10.93051528930664	-10.472506523132324	-10.023624420166016	-9.614364624023438	-9.24301528930664
8	std	5.1469268798828125	5.0621724128723145	5.009065628051758	5.005247592926025	5.010660171508789	4.965795516967773	4.8994855880737305	4.897434711456299	4.970101356506348	5.047477722167969	5.093080997467041	5.202367782592773	5.542341709136963	6.006521701812744	6.096815586090088	5.436314582824707	4.484795570373535	4.623101711273193	5.753062725067139	6.339322090148926	5.784391403198242	4.6383161544799805	4.1215996742248535	4.610841751098633	5.24251127243042	5.551222324371338	5.599272727966309	5.580193042755127	5.595232009887695	5.608021259307861	5.556221008300781	5.4479522705078125	5.3304619789123535	5.233152866363525	5.168954372406006	5.143052577972412	5.144096851348877	5.149173736572266	5.138425827026367	5.104363441467285	5.057689666748047	5.022327899932861	5.013119220733643	5.02559232711792	5.056065082550049	5.106779098510742	5.166077613830566	5.215453624725342	5.244257926940918	5.230306625366211	5.148299694061279	5.031026363372803	4.969871520996094	5.012023448944092	5.103072643280029	5.162026405334473	5.1672892570495605	5.1531291007995605	5.1447882652282715	5.13245964050293	5.123769760131836	5.166275501251221	5.270172119140625	5.363497257232666
9	mean	-3.0920562744140625	-2.8305373191833496	-2.5718929767608643	-2.3512017726898193	-2.1694817543029785	-1.9770894050598145	-1.6979268789291382	-1.2932677268981934	-0.817054033279419	-0.39251381158828735	-0.07926158607006073	0.30960187315940857	1.2988048791885376	3.615187406539917	7.816956996917725	13.862799644470215	20.896575927734375	27.441797256469727	31.963518142700195	33.515628814697266	32.12295150756836	28.695371627807617	24.547651290893555	20.80409812927246	18.000469207763672	16.044368743896484	14.479059219360352	12.84562873840332	10.933111190795898	8.816485404968262	6.723151206970215	4.851010799407959	3.2556121349334717	1.8522106409072876	0.5002970695495605	-0.9003514051437378	-2.3596835136413574	-3.8074898719787598	-5.14053201675415	-6.272954940795898	-7.166432857513428	-7.833565711975098	-8.320491790771484	-8.680264472961426	-8.949565887451172	-9.139541625976562	-9.24434757232666	-9.258721351623535	-9.190505981445312	-9.060382843017578	-8.892199516296387	-8.705522537231445	-8.516595840454102	-8.344388961791992	-8.208808898925781	-8.115120887756348	-8.035345077514648	-7.906771659851074	-7.658782005310059	-7.253808975219727	-6.713203430175781	-6.108513355255127	-5.524229049682617	-5.017460823059082
9	std	8.587045669555664	8.393583297729492	8.181351661682129	8.010339736938477	7.864253044128418	7.700108528137207	7.516828536987305	7.359517574310303	7.284721851348877	7.344634532928467	7.600929260253906	8.080613136291504	8.607741355895996	8.738786697387695	8.027199745178223	6.4439778327941895	4.743888854980469	4.353732585906982	5.140138626098633	5.5814666748046875	5.188075542449951	4.471395969390869	4.363478660583496	5.052752494812012	5.8975510597229	6.48170280456543	6.740742206573486	6.765712261199951	6.7070393562316895	6.71451997756958	6.8477678298950195	7.032900810241699	7.145514488220215	7.133859157562256	7.052512168884277	6.98989200592041	6.974956035614014	6.9570817947387695	6.8761725425720215	6.7471466064453125	6.653681755065918	6.642757892608643	6.670895099639893	6.686913967132568	6.70474910736084	6.771695137023926	6.931377410888672	7.232813835144043	7.696457386016846	8.240519523620605	8.693571090698242	8.903691291809082	8.832067489624023	8.559582710266113	8.223023414611816	7.9372782707214355	7.740777015686035	7.592779636383057	7.443228244781494	7.305166244506836	7.232611656188965	7.25099515914917	7.351737976074219	7.52693510055542
10	mean	-0.1687736213207245	-0.054240986704826355	0.04132953658699989	0.10873501002788544	0.14568904042243958	0.16310149431228638	0.20242781937122345	0.34681153297424316	0.6990559101104736	1.3241164684295654	2.2008957862854004	3.249366521835327	4.452887535095215	5.996954917907715	8.27635669708252	11.670100212097168	16.157453536987305	21.02745246887207	24.955467224121094	26.508325576782227	24.831287384033203	20.099056243896484	13.448857307434082	6.444700717926025	0.4120050370693207	-3.985487461090088	-6.761552333831787	-8.321619987487793	-9.121617317199707	-9.467704772949219	-9.500334739685059	-9.279536247253418	-8.86395263671875	-8.33328628540039	-7.7685770988464355	-7.228625774383545	-6.7432541847229	-6.320355415344238	-5.9552202224731445	-5.635655403137207	-5.344879150390625	-5.0653510093688965	-4.783738136291504	-4.494329452514648	-4.199880599975586	-3.9102604389190674	-3.6387836933135986	-3.395989418029785	-3.1823623180389404	-2.9850645065307617	-2.7838854789733887	-2.5654067993164062	-2.3359315395355225	-2.1213624477386475	-1.9516253471374512	-1.839428424835205	-1.7695618867874146	-1.7071731090545654	-1.6193962097167969	-1.4947549104690552	-1.347130537033081	-1.2035207748413086	-1.0865199565887451	-1.0032607316970825
10	std	4.536645889282227	4.517061710357666	4.48773717880249	4.478882789611816	4.520812511444092	4.597437858581543	4.677424907684326	4.742472171783447	4.770069599151611	4.749836444854736	4.723281383514404	4.7386698722839355	4.750274181365967	4.6138811111450195	4.182209014892578	3.4340758323669434	2.7055301666259766	2.745514154434204	3.414041519165039	3.7616634368896484	3.421276092529297	2.8838367462158203	3.154317855834961	4.0552167892456055	4.731590747833252	4.909635543823242	4.74799919128418	4.52175760269165	4.394919395446777	4.3704657554626465	4.393491744995117	4.432722568511963	4.478355407714844	4.527716159820557	4.5771918296813965	4.611947536468506	4.630157470703125	4.667495250701904	4.745265007019043	4.820059299468994	4.836134910583496	4.785571575164795	4.6970014572143555	4.614465236663818	4.577079772949219	4.575375080108643	4.566152095794678	4.548054218292236	4.56089973449707	4.610402584075928	4.65535831451416	4.662599086761475	4.634120941162109	4.593648433685303	4.568150997161865	4.575136184692383	4.607259750366211	4.629597187042236	4.6182169914245605	4.59922456741333	4.615173816680908	4.657979965209961	4.6806535720825195	4.668322563171387
11	mean	-3.292667865753174	-3.2402184009552	-3.184847116470337	-3.168525218963623	-3.215045213699341	-3.288395643234253	-3.28568959236145	-3.0848798751831055	-2.6222405433654785	-1.9355275630950928	-1.1157382726669312	-0.1761791706085205	1.0704317092895508	3.004573345184326	6.004454612731934	10.14002799987793	14.948582649230957	19.480093002319336	22.650983810424805	23.740697860717773	22.743192672729492	20.357465744018555	17.619293212890625	15.39595890045166	14.03561782836914	13.341099739074707	12.829192161560059	12.07275676727295	10.917158126831055	9.482426643371582	8.012877464294434	6.707801342010498	5.63779354095459	4.76251220703125	3.9990878105163574	3.278796911239624	2.5662198066711426	1.852752685546875	1.1467119455337524	0.46896621584892273	-0.15248113870620728	-0.6946460604667664	-1.153380274772644	-1.5482784509658813	-1.9143339395523071	-2.2862837314605713	-2.6846418380737305	-3.108076572418213	-3.532022714614868	-3.9144341945648193	-4.211827754974365	-4.404388904571533	-4.516966819763184	-4.616419792175293	-4.776427745819092	-5.026804447174072	-5.323639869689941	-5.567860126495361	-5.663637161254883	-5.576875686645508	-5.354188442230225	-5.093024253845215	-4.886562824249268	-4.7788004875183105
11	std	5.086123466491699	4.983272075653076	4.878081321716309	4.8214802742004395	4.793982982635498	4.776394367218018	4.7950439453125	4.868810176849365	4.973588466644287	5.101539134979248	5.332539081573486	5.76226806640625	6.27939510345459	6.513489723205566	6.092713356018066	4.9597954750061035	3.595917224884033	3.0165727138519287	3.4142520427703857	3.7073678970336914	3.4372010231018066	2.9273290634155273	2.863356113433838	3.393517255783081	4.023192882537842	4.461355209350586	4.703248023986816	4.827059745788574	4.885610580444336	4.918426513671875	4.969222068786621	5.053834915161133	5.147336006164551	5.217750549316406	5.255345344543457	5.277650356292725	5.317873001098633	5.3852338790893555	5.431889057159424	5.40311861038208	5.317116737365723	5.2422590255737305	5.205384254455566	5.1847405433654785	5.1660261154174805	5.142168045043945	5.095688819885254	5.023255825042725	4.9471354484558105	4.885659694671631	4.837973594665527	4.80495023727417	4.79901123046875	4.821828842163086	4.857575416564941	4.9010329246521	4.965553283691406	5.048368453979492	5.111323833465576	5.115113258361816	5.067948818206787	5.026041507720947	5.0355401039123535	5.088452339172363
12	mean	-4.992675304412842	-4.991006374359131	-5.000393867492676	-5.014038562774658	-5.014351844787598	-4.980160236358643	-4.90084981918335	-4.784847736358643	-4.6410675048828125	-4.415316581726074	-3.895742654800415	-2.6469740867614746	-0.05853956565260887	4.441193103790283	11.052428245544434	19.310901641845703	28.03426170349121	35.620399475097656	40.61379623413086	42.27490997314453	40.845794677734375	37.367225646972656	33.1629638671875	29.28439712524414	26.195554733276367	23.80370330810547	21.73656463623047	19.65516471862793	17.431909561157227	15.145365715026855	12.95962905883789	10.99947452545166	9.294025421142578	7.795323371887207	6.431511878967285	5.150319576263428	3.9318907260894775	2.7781453132629395	1.6956567764282227	0.684696614742279	-0.2620898485183716	-1.1547096967697144	-1.999976634979248	-2.798903226852417	-3.5490663051605225	-4.249627590179443	-4.9042744636535645	-5.518664836883545	-6.094864368438721	-6.628417015075684	-7.111138820648193	-7.537944316864014	-7.9126296043396	-8.247442245483398	-8.554936408996582	-8.836223602294922	-9.074787139892578	-9.240379333496094	-9.303049087524414	-9.249493598937988	-9.094650268554688	-8.881199836730957	-8.66425895690918	-8.486907958984375
12	std	5.304626941680908	5.251302242279053	5.180436611175537	5.124716758728027	5.0973405838012695	5.092637538909912	5.1140313148498535	5.166162014007568	5.228546619415283	5.300524711608887	5.5211005210876465	6.126166820526123	7.055161476135254	7.782853603363037	7.731477737426758	6.764636993408203	5.4734296798706055	4.947747707366943	5.3300557136535645	5.615314483642578	5.3397345542907715	4.846649646759033	4.726308822631836	5.091693878173828	5.5897321701049805	5.952625274658203	6.117580890655518	6.124683380126953	6.0517754554748535	5.972877502441406	5.92763614654541	5.923776149749756	5.9501447677612305	5.982790946960449	6.000436305999756	5.999319553375244	5.987107276916504	5.972092628479004	5.960423469543457	5.951292991638184	5.94002628326416	5.930070877075195	5.922635555267334	5.898918151855469	5.838411331176758	5.7464518547058105	5.646069049835205	5.551705837249756	5.461811542510986	5.3773512840271	5.31508731842041	5.287374019622803	5.2810516357421875	5.274019718170166	5.257835388183594	5.238048076629639	5.227611541748047	5.235576152801514	5.256755828857422	5.283891677856445	5.325954914093018	5.400601387023926	5.507458686828613	5.618670463562012
13	mean	-1.5113961696624756	-1.4559615850448608	-1.361376166343689	-1.2478399276733398	-1.113501787185669	-0.9055182337760925	-0.5155218243598938	0.17815007269382477	1.229990839958191	2.5592799186706543	3.961393117904663	5.226175785064697	6.3073649406433105	7.4190802574157715	8.95226764678955	11.215346336364746	14.146247863769531	17.200183868408203	19.531991958618164	20.399396896362305	19.55432891845703	17.37713623046875	14.67006778717041	12.238807678222656	10.520515441894531	9.464911460876465	8.696452140808105	7.8127827644348145	6.618921279907227	5.179640293121338	3.7091853618621826	2.4108080863952637	1.3750914335250854	0.5758318305015564	-0.07065612077713013	-0.6420332193374634	-1.1790037155151367	-1.6882867813110352	-2.160433292388916	-2.5848095417022705	-2.9559078216552734	-3.274172782897949	-3.545630931854248	-3.7814483642578125	-3.9965789318084717	-4.207273006439209	-4.427711009979248	-4.665778636932373	-4.917960166931152	-5.166581630706787	-5.384641170501709	-5.5495829582214355	-5.658270835876465	-5.731400966644287	-5.800652503967285	-5.884909629821777	-5.97230339050293	-6.022463321685791	-5.990643501281738	-5.858144283294678	-5.648042678833008	-5.414176940917969	-5.210036754608154	-5.058364391326904
13	std	4.999142169952393	5.009392261505127	5.004911422729492	5.001950263977051	5.009957790374756	5.04394006729126	5.122973918914795	5.251163482666016	5.412899971008301	5.594043254852295	5.785809516906738	5.935609340667725	5.912475109100342	5.565167427062988	4.832478046417236	3.8437740802764893	3.0086140632629395	2.855321168899536	3.2105417251586914	3.4167439937591553	3.2225687503814697	2.906141757965088	3.0343334674835205	3.6795401573181152	4.372714042663574	4.808738708496094	4.971388816833496	4.981210708618164	4.936140060424805	4.863011837005615	4.7742486000061035	4.702686309814453	4.6727776527404785	4.674553394317627	4.678955554962158	4.669564723968506	4.656338214874268	4.659966945648193	4.686770915985107	4.724511623382568	4.75930118560791	4.786781311035156	4.805646896362305	4.807068824768066	4.778756618499756	4.723891735076904	4.664751052856445	4.616915702819824	4.5805463790893555	4.568965435028076	4.608950614929199	4.693057060241699	4.770687580108643	4.806066036224365	4.812094211578369	4.815807342529297	4.821800231933594	4.8276848793029785	4.851646900177002	4.911375045776367	4.9796833992004395	5.005978584289551	4.986494541168213	4.9672698974609375
14	mean	-0.8155360817909241	-0.7378054261207581	-0.6795114278793335	-0.6684286594390869	-0.7033224701881409	-0.7357046008110046	-0.6780653595924377	-0.45156630873680115	-0.054261717945337296	0.4060475528240204	0.7714495658874512	0.9849591255187988	1.242601990699768	2.0090036392211914	3.815723419189453	6.909915924072266	10.963380813598633	15.0672025680542	18.080322265625	19.16092300415039	18.167661666870117	15.689888000488281	12.705116271972656	10.089079856872559	8.264669418334961	7.1515278816223145	6.377325534820557	5.572922706604004	4.569225788116455	3.4192941188812256	2.2892725467681885	1.3243956565856934	0.5750612616539001	0.004209830891340971	-0.4583929777145386	-0.8653852939605713	-1.2343742847442627	-1.560995101928711	-1.8403452634811401	-2.0781545639038086	-2.288520097732544	-2.4863595962524414	-2.682504892349243	-2.882783889770508	-3.088402032852173	-3.2958574295043945	-3.4977288246154785	-3.6861155033111572	-3.8571724891662598	-4.012911796569824	-4.1581807136535645	-4.295390605926514	-4.4217023849487305	-4.5308613777160645	-4.6170735359191895	-4.677193641662598	-4.709401607513428	-4.710843563079834	-4.678426265716553	-4.612886905670166	-4.521722316741943	-4.416691303253174	-4.3074469566345215	-4.196413993835449
14	std	3.770447254180908	3.7952425479888916	3.7782254219055176	3.752007484436035	3.7437729835510254	3.753814697265625	3.7802188396453857	3.841508388519287	3.9528186321258545	4.099197864532471	4.275687217712402	4.515571117401123	4.78696870803833	4.890517711639404	4.563817024230957	3.722574234008789	2.7146522998809814	2.408294677734375	2.8880083560943604	3.1714699268341064	2.8927905559539795	2.395082473754883	2.38492488861084	2.945971965789795	3.5415713787078857	3.904215097427368	4.040057182312012	4.0445661544799805	3.984455108642578	3.88664174079895	3.7901947498321533	3.7396116256713867	3.7328031063079834	3.738454580307007	3.747446060180664	3.7572996616363525	3.7442593574523926	3.7048819065093994	3.686776638031006	3.722540855407715	3.776266098022461	3.8048081398010254	3.812147855758667	3.813231945037842	3.8034615516662598	3.786986827850342	3.784815549850464	3.7959389686584473	3.793145179748535	3.7724504470825195	3.765958070755005	3.788114309310913	3.814082622528076	3.832318067550659	3.8599655628204346	3.8862850666046143	3.87007474899292	3.8109514713287354	3.757615327835083	3.7371416091918945	3.7356820106506348	3.743572235107422	3.7632415294647217	3.7850165367126465
15	mean	-2.2365925312042236	-2.1426479816436768	-2.158808946609497	-2.3035197257995605	-2.5209755897521973	-2.6796011924743652	-2.635551691055298	-2.3364992141723633	-1.892916202545166	-1.536062240600586	-1.437517762184143	-1.4718202352523804	-1.0930835008621216	0.519533634185791	4.042383670806885	9.515037536621094	16.091049194335938	22.255847930908203	26.46221351623535	27.8529052734375	26.650543212890625	23.9803466796875	21.236764907836914	19.380386352539062	18.568798065185547	18.28331184387207	17.79391098022461	16.62943458557129	14.78246784210205	12.5974702835083	10.4913911819458	8.717114448547363	7.293943405151367	6.0915608406066895	4.963109016418457	3.8290719985961914	2.6811530590057373	1.540634036064148	0.42369329929351807	-0.6618748903274536	-1.7017183303833008	-2.667363166809082	-3.5267415046691895	-4.264175891876221	-4.893144130706787	-5.449796199798584	-5.96835470199585	-6.453929901123047	-6.872917175292969	-7.171258926391602	-7.311067581176758	-7.30308723449707	-7.213131427764893	-7.136069297790527	-7.148499011993408	-7.26494026184082	-7.425575256347656	-7.528221130371094	-7.487890720367432	-7.286210536956787	-6.9796319007873535	-6.6628217697143555	-6.412838459014893	-6.251770496368408
15	std	5.77286958694458	5.72947359085083	5.6159348487854	5.4795427322387695	5.378280162811279	5.371261119842529	5.468062877655029	5.596930980682373	5.693113327026367	5.7699055671691895	5.863400459289551	5.981801986694336	6.107146263122559	6.112135887145996	5.721821308135986	4.765849590301514	3.5859508514404297	3.173891305923462	3.7084505558013916	4.0741167068481445	3.8022260665893555	3.267577886581421	3.1487233638763428	3.48276424407959	3.8140738010406494	4.0079731941223145	4.173073768615723	4.374385356903076	4.621254920959473	4.9297943115234375	5.2443647384643555	5.437685012817383	5.4720778465271	5.450738906860352	5.461366176605225	5.479825973510742	5.481256008148193	5.503456115722656	5.553809642791748	5.579672813415527	5.568229675292969	5.571015357971191	5.595625877380371	5.572049140930176	5.4624786376953125	5.319233417510986	5.226292610168457	5.230838298797607	5.301573276519775	5.341620922088623	5.304100036621094	5.265024185180664	5.301714897155762	5.378551006317139	5.452464580535889	5.545773029327393	5.644427299499512	5.688281536102295	5.687119483947754	5.706409454345703	5.754271984100342	5.799307346343994	5.858951568603516	5.967553615570068
16	mean	-0.3555753827095032	-0.25449758768081665	-0.16858865320682526	-0.12781111896038055	-0.13031820952892303	-0.10590694844722748	0.06655720621347427	0.45775189995765686	0.9541355967521667	1.2266771793365479	0.9255927801132202	0.07115654647350311	-0.6038674712181091	0.3026026487350464	4.2671942710876465	11.912109375	22.294404983520508	32.95877456665039	40.867698669433594	43.73652648925781	41.0041618347168	33.90382766723633	24.689403533935547	15.553060531616211	7.856990814208984	1.9776867628097534	-2.351940631866455	-5.5650787353515625	-7.954799175262451	-9.629903793334961	-10.62791633605957	-11.029760360717773	-10.988266944885254	-10.682101249694824	-10.253742218017578	-9.779512405395508	-9.281641960144043	-8.762068748474121	-8.230198860168457	-7.710322380065918	-7.229730606079102	-6.801753044128418	-6.419391632080078	-6.064426422119141	-5.724148273468018	-5.400916576385498	-5.107075214385986	-4.850691318511963	-4.625286102294922	-4.413311958312988	-4.199664115905762	-3.9838898181915283	-3.7806389331817627	-3.6086883544921875	-3.4760823249816895	-3.372877597808838	-3.2753045558929443	-3.158871650695801	-3.011371612548828	-2.8381805419921875	-2.65746808052063	-2.4901087284088135	-2.3506109714508057	-2.242910146713257
16	std	5.805984973907471	5.813404560089111	5.799930095672607	5.769786357879639	5.74742317199707	5.747732639312744	5.7651214599609375	5.787193298339844	5.804936408996582	5.814201831817627	5.812243938446045	5.824880123138428	5.9204559326171875	6.0460686683654785	5.907691955566406	5.390366554260254	5.270158767700195	6.469504356384277	8.096570014953613	8.796865463256836	8.112626075744629	6.6100382804870605	5.5888824462890625	5.844622611999512	6.616525650024414	7.109065055847168	7.169931888580322	6.936725616455078	6.594728469848633	6.284302711486816	6.059927463531494	5.903914928436279	5.785780906677246	5.6939215660095215	5.626838684082031	5.588614463806152	5.583934307098389	5.607185363769531	5.647676944732666	5.697244644165039	5.746057510375977	5.783452987670898	5.800934314727783	5.790528297424316	5.754840850830078	5.719921588897705	5.710739612579346	5.7090959548950195	5.6736063957214355	5.606288433074951	5.5562214851379395	5.54889440536499	5.558166027069092	5.56114387512207	5.5729827880859375	5.605509281158447	5.631066799163818	5.623268127441406	5.601656436920166	5.598316192626953	5.608305931091309	5.609482288360596	5.60340690612793	5.606910228729248
17	mean	-0.5877211093902588	-0.4207444489002228	-0.301623672246933	-0.22100944817066193	-0.13722831010818481	0.0058318981900811195	0.2540558874607086	0.6218011975288391	1.0893843173980713	1.641717791557312	2.3601772785186768	3.5356884002685547	5.712429046630859	9.556987762451172	15.526585578918457	23.46217155456543	32.356815338134766	40.52253341674805	46.16819381713867	48.12595748901367	46.3245964050293	41.743125915527344	35.8852653503418	30.099660873413086	25.11589241027832	20.989906311035156	17.385089874267578	13.946125030517578	10.536235809326172	7.252476692199707	4.287755489349365	1.7748329639434814	-0.2869541645050049	-2.005303382873535	-3.517040491104126	-4.920345306396484	-6.251229763031006	-7.501156330108643	-8.64996337890625	-9.689224243164062	-10.626568794250488	-11.476362228393555	-12.248222351074219	-12.94168758392334	-13.548772811889648	-14.0615234375	-14.477249145507812	-14.797645568847656	-15.02131462097168	-15.138334274291992	-15.134620666503906	-15.004634857177734	-14.76422119140625	-14.450329780578613	-14.104927062988281	-13.750699043273926	-13.37781047821045	-12.950944900512695	-12.433974266052246	-11.815727233886719	-11.121614456176758	-10.405269622802734	-9.725712776184082	-9.122883796691895
17	std	5.855231761932373	5.8110504150390625	5.7498579025268555	5.716244220733643	5.709061622619629	5.72199821472168	5.7640485763549805	5.8331403732299805	5.926737308502197	6.0780348777771	6.363255023956299	6.852880954742432	7.4580888748168945	7.828493118286133	7.574014186859131	6.743625164031982	6.213973522186279	6.904404163360596	8.12283706665039	8.67301082611084	8.177600860595703	7.098084926605225	6.30755090713501	6.281008720397949	6.666710376739502	6.994897842407227	7.123201847076416	7.096768379211426	6.999261379241943	6.920901775360107	6.927520275115967	6.9952802658081055	7.025238990783691	6.9545087814331055	6.807287216186523	6.632846832275391	6.4622578620910645	6.330018997192383	6.2501020431518555	6.175454616546631	6.063557147979736	5.949753284454346	5.894486904144287	5.901480674743652	5.934639930725098	5.972934246063232	6.019087791442871	6.079155921936035	6.149814605712891	6.217984676361084	6.261948585510254	6.258368968963623	6.203436851501465	6.126780033111572	6.065686225891113	6.024278163909912	5.981240272521973	5.9291205406188965	5.881199359893799	5.8575286865234375	5.874204635620117	5.923853397369385	5.986269950866699	6.069281578063965
18	mean	-0.32550951838493347	-0.12020225077867508	0.09899506717920303	0.2840137183666229	0.39216840267181396	0.4524265229701996	0.6108112335205078	1.0702275037765503	1.9029052257537842	2.8606679439544678	3.4102516174316406	3.128091812133789	2.2908432483673096	2.2027692794799805	4.807650566101074	11.561599731445312	22.167749404907227	34.101593017578125	43.4967041015625	47.0254020690918	43.60966873168945	34.83564758300781	23.88616943359375	13.79569149017334	6.169758319854736	0.9985549449920654	-2.6207094192504883	-5.551497936248779	-8.105399131774902	-10.11507511138916	-11.320013046264648	-11.679336547851562	-11.41622257232666	-10.860831260681152	-10.272132873535156	-9.763051986694336	-9.330938339233398	-8.930694580078125	-8.529139518737793	-8.122368812561035	-7.7248945236206055	-7.352071285247803	-7.009054660797119	-6.690493106842041	-6.386154651641846	-6.088957786560059	-5.800544261932373	-5.53053092956543	-5.287879467010498	-5.071274757385254	-4.866646766662598	-4.656506061553955	-4.433228969573975	-4.205993175506592	-3.9945101737976074	-3.814023017883301	-3.662324905395508	-3.5192859172821045	-3.3593056201934814	-3.168520927429199	-2.954580068588257	-2.7423574924468994	-2.5588207244873047	-2.416916847229004
18	std	6.099685192108154	6.0303168296813965	5.946723937988281	5.879831790924072	5.855367660522461	5.870981693267822	5.892782211303711	5.8916239738464355	5.885042667388916	5.9145989418029785	5.976285934448242	6.033525466918945	6.092326641082764	6.108593940734863	5.831027984619141	5.099242687225342	4.641052722930908	5.677133560180664	7.346783638000488	8.085590362548828	7.356692790985107	5.774091720581055	4.78939962387085	5.146398067474365	5.880561351776123	6.3413801193237305	6.540788650512695	6.6012139320373535	6.5961127281188965	6.571043014526367	6.525231838226318	6.434830665588379	6.314258098602295	6.202996730804443	6.118508338928223	6.0624542236328125	6.035488128662109	6.025134086608887	6.014525413513184	6.000997543334961	5.9880900382995605	5.977638244628906	5.974884986877441	5.98292875289917	5.993833065032959	5.992085933685303	5.965816497802734	5.9208664894104	5.882759094238281	5.874366760253906	5.896984577178955	5.938327789306641	5.982129096984863	6.009790897369385	6.012737274169922	6.001453399658203	5.9913153648376465	5.983670234680176	5.969327926635742	5.9516472816467285	5.954530715942383	5.994399547576904	6.051278114318848	6.088208198547363
