unit_id	microwire	macro_contact	anatomical_location	macro_contact_mni_x	macro_contact_mni_y	macro_contact_mni_z	macro_label_manual_entry	n_spikes	n_trials_with_spike_array	nix_waveform_array	macro_contact_atlas_label_AAL3v1	macro_contact_atlas_label_DesikanKilliany
1	uAHL2	mAHL1	Hipp, Left Hippocampus rHipp, rostral hippocampus	-24.9857482747665	-11.907035450382	-17.4444194477546	False	1636	49	Spike_Waveform_Unit_1_uAHL_2	Hippocampus_L	n/a
2	uAHL2	mAHL1	Hipp, Left Hippocampus rHipp, rostral hippocampus	-24.9857482747665	-11.907035450382	-17.4444194477546	False	14	49	Spike_Waveform_Unit_2_uAHL_2	Hippocampus_L	n/a
3	uAHL2	mAHL1	Hipp, Left Hippocampus rHipp, rostral hippocampus	-24.9857482747665	-11.907035450382	-17.4444194477546	False	191	49	Spike_Waveform_Unit_3_uAHL_2	Hippocampus_L	n/a
4	uAHL2	mAHL1	Hipp, Left Hippocampus rHipp, rostral hippocampus	-24.9857482747665	-11.907035450382	-17.4444194477546	False	789	49	Spike_Waveform_Unit_4_uAHL_2	Hippocampus_L	n/a
5	uAHL2	mAHL1	Hipp, Left Hippocampus rHipp, rostral hippocampus	-24.9857482747665	-11.907035450382	-17.4444194477546	False	95	49	Spike_Waveform_Unit_5_uAHL_2	Hippocampus_L	n/a
6	uAHL2	mAHL1	Hipp, Left Hippocampus rHipp, rostral hippocampus	-24.9857482747665	-11.907035450382	-17.4444194477546	False	420	49	Spike_Waveform_Unit_6_uAHL_2	Hippocampus_L	n/a
7	uAHL2	mAHL1	Hipp, Left Hippocampus rHipp, rostral hippocampus	-24.9857482747665	-11.907035450382	-17.4444194477546	False	597	49	Spike_Waveform_Unit_7_uAHL_2	Hippocampus_L	n/a
8	uAHL5	mAHL1	Hipp, Left Hippocampus rHipp, rostral hippocampus	-24.9857482747665	-11.907035450382	-17.4444194477546	False	3617	49	Spike_Waveform_Unit_8_uAHL_5	Hippocampus_L	n/a
9	uAHL5	mAHL1	Hipp, Left Hippocampus rHipp, rostral hippocampus	-24.9857482747665	-11.907035450382	-17.4444194477546	False	256	49	Spike_Waveform_Unit_9_uAHL_5	Hippocampus_L	n/a
10	uAHL7	mAHL1	Hipp, Left Hippocampus rHipp, rostral hippocampus	-24.9857482747665	-11.907035450382	-17.4444194477546	False	157	49	Spike_Waveform_Unit_10_uAHL_7	Hippocampus_L	n/a
11	uAHL7	mAHL1	Hipp, Left Hippocampus rHipp, rostral hippocampus	-24.9857482747665	-11.907035450382	-17.4444194477546	False	127	49	Spike_Waveform_Unit_11_uAHL_7	Hippocampus_L	n/a
12	uAHL7	mAHL1	Hipp, Left Hippocampus rHipp, rostral hippocampus	-24.9857482747665	-11.907035450382	-17.4444194477546	False	70	49	Spike_Waveform_Unit_12_uAHL_7	Hippocampus_L	n/a
13	uAHL7	mAHL1	Hipp, Left Hippocampus rHipp, rostral hippocampus	-24.9857482747665	-11.907035450382	-17.4444194477546	False	105	49	Spike_Waveform_Unit_13_uAHL_7	Hippocampus_L	n/a
14	uAHL8	mAHL1	Hipp, Left Hippocampus rHipp, rostral hippocampus	-24.9857482747665	-11.907035450382	-17.4444194477546	False	1230	49	Spike_Waveform_Unit_14_uAHL_8	Hippocampus_L	n/a
15	uAHL8	mAHL1	Hipp, Left Hippocampus rHipp, rostral hippocampus	-24.9857482747665	-11.907035450382	-17.4444194477546	False	342	49	Spike_Waveform_Unit_15_uAHL_8	Hippocampus_L	n/a
16	uAL1	mAL1	Amyg, Left Amygdala lAmyg, lateral amygdala	-25.1591311047285	-0.0588337344959816	-19.2691035332177	False	470	49	Spike_Waveform_Unit_16_uAL_1	Amygdala_L	n/a
17	uAL1	mAL1	Amyg, Left Amygdala lAmyg, lateral amygdala	-25.1591311047285	-0.0588337344959816	-19.2691035332177	False	327	49	Spike_Waveform_Unit_17_uAL_1	Amygdala_L	n/a
18	uAL2	mAL1	Amyg, Left Amygdala lAmyg, lateral amygdala	-25.1591311047285	-0.0588337344959816	-19.2691035332177	False	248	49	Spike_Waveform_Unit_18_uAL_2	Amygdala_L	n/a
19	uAR7	mAR1	Hipp, Right Hippocampus rHipp, rostral hippocampus	22.0072714478929	-3.91161023989369	-24.9779695515308	False	944	49	Spike_Waveform_Unit_19_uAR_7	ParaHippocampal_R	ctx-rh-entorhinal
20	uAR7	mAR1	Hipp, Right Hippocampus rHipp, rostral hippocampus	22.0072714478929	-3.91161023989369	-24.9779695515308	False	711	49	Spike_Waveform_Unit_20_uAR_7	ParaHippocampal_R	ctx-rh-entorhinal
21	uAR7	mAR1	Hipp, Right Hippocampus rHipp, rostral hippocampus	22.0072714478929	-3.91161023989369	-24.9779695515308	False	462	49	Spike_Waveform_Unit_21_uAR_7	ParaHippocampal_R	ctx-rh-entorhinal
22	uECL1	mECL1	Hipp, Left Hippocampus rHipp, rostral hippocampus	-25.2705216519035	-6.4106543772921	-28.9073793614477	False	2279	49	Spike_Waveform_Unit_22_uECL_1	ParaHippocampal_L	n/a
23	uECL1	mECL1	Hipp, Left Hippocampus rHipp, rostral hippocampus	-25.2705216519035	-6.4106543772921	-28.9073793614477	False	923	49	Spike_Waveform_Unit_23_uECL_1	ParaHippocampal_L	n/a
24	uECL1	mECL1	Hipp, Left Hippocampus rHipp, rostral hippocampus	-25.2705216519035	-6.4106543772921	-28.9073793614477	False	1017	49	Spike_Waveform_Unit_24_uECL_1	ParaHippocampal_L	n/a
25	uECL1	mECL1	Hipp, Left Hippocampus rHipp, rostral hippocampus	-25.2705216519035	-6.4106543772921	-28.9073793614477	False	617	49	Spike_Waveform_Unit_25_uECL_1	ParaHippocampal_L	n/a
26	uECL1	mECL1	Hipp, Left Hippocampus rHipp, rostral hippocampus	-25.2705216519035	-6.4106543772921	-28.9073793614477	False	342	49	Spike_Waveform_Unit_26_uECL_1	ParaHippocampal_L	n/a
27	uPHR5	mPHR1	Hipp, Right Hippocampus cHipp, caudal hippocampus	33.2876524002911	-27.9901318937281	-12.7197477108632	False	3504	49	Spike_Waveform_Unit_27_uPHR_5	Hippocampus_R	n/a
28	uAHL2	mAHL1	Hipp, Left Hippocampus rHipp, rostral hippocampus	-24.9857482747665	-11.907035450382	-17.4444194477546	False	624	49	Spike_Waveform_Unit_28_uAHL_2	Hippocampus_L	n/a
29	uAHL5	mAHL1	Hipp, Left Hippocampus rHipp, rostral hippocampus	-24.9857482747665	-11.907035450382	-17.4444194477546	False	150	49	Spike_Waveform_Unit_29_uAHL_5	Hippocampus_L	n/a
30	uAHL5	mAHL1	Hipp, Left Hippocampus rHipp, rostral hippocampus	-24.9857482747665	-11.907035450382	-17.4444194477546	False	174	49	Spike_Waveform_Unit_30_uAHL_5	Hippocampus_L	n/a
31	uAHL8	mAHL1	Hipp, Left Hippocampus rHipp, rostral hippocampus	-24.9857482747665	-11.907035450382	-17.4444194477546	False	421	49	Spike_Waveform_Unit_31_uAHL_8	Hippocampus_L	n/a
32	uAHL8	mAHL1	Hipp, Left Hippocampus rHipp, rostral hippocampus	-24.9857482747665	-11.907035450382	-17.4444194477546	False	92	49	Spike_Waveform_Unit_32_uAHL_8	Hippocampus_L	n/a
33	uECL1	mECL1	Hipp, Left Hippocampus rHipp, rostral hippocampus	-25.2705216519035	-6.4106543772921	-28.9073793614477	False	278	49	Spike_Waveform_Unit_33_uECL_1	ParaHippocampal_L	n/a
34	uECL1	mECL1	Hipp, Left Hippocampus rHipp, rostral hippocampus	-25.2705216519035	-6.4106543772921	-28.9073793614477	False	495	49	Spike_Waveform_Unit_34_uECL_1	ParaHippocampal_L	n/a
35	uECL2	mECL1	Hipp, Left Hippocampus rHipp, rostral hippocampus	-25.2705216519035	-6.4106543772921	-28.9073793614477	False	249	49	Spike_Waveform_Unit_35_uECL_2	ParaHippocampal_L	n/a
36	uECL3	mECL1	Hipp, Left Hippocampus rHipp, rostral hippocampus	-25.2705216519035	-6.4106543772921	-28.9073793614477	False	243	49	Spike_Waveform_Unit_36_uECL_3	ParaHippocampal_L	n/a
37	uECL3	mECL1	Hipp, Left Hippocampus rHipp, rostral hippocampus	-25.2705216519035	-6.4106543772921	-28.9073793614477	False	104	49	Spike_Waveform_Unit_37_uECL_3	ParaHippocampal_L	n/a
38	uECL4	mECL1	Hipp, Left Hippocampus rHipp, rostral hippocampus	-25.2705216519035	-6.4106543772921	-28.9073793614477	False	254	49	Spike_Waveform_Unit_38_uECL_4	ParaHippocampal_L	n/a
39	uECL5	mECL1	Hipp, Left Hippocampus rHipp, rostral hippocampus	-25.2705216519035	-6.4106543772921	-28.9073793614477	False	382	49	Spike_Waveform_Unit_39_uECL_5	ParaHippocampal_L	n/a
