trial	onset	duration	nix_event
1	-6	1	Fixation_ss4_c1_m1
1	-5	2	Stimulus_ss4_xxxxxxxx
1	-3	3	Maintenance
1	0	n/a	Probe_m1_X
1	1.17025	n/a	Response_c1
2	-6	1	Fixation_ss4_c1_m1
2	-5	2	Stimulus_ss4_xxxxxxxx
2	-3	3	Maintenance
2	0	n/a	Probe_m1_X
2	0.93225	n/a	Response_c1
3	-6	1	Fixation_ss6_c1_m1
3	-5	2	Stimulus_ss6_xxxxxxxx
3	-3	3	Maintenance
3	0	n/a	Probe_m1_X
3	1.02625	n/a	Response_c1
4	-6	1	Fixation_ss6_c1_m2
4	-5	2	Stimulus_ss6_xxxxxxxx
4	-3	3	Maintenance
4	0	n/a	Probe_m2_X
4	0.9765	n/a	Response_c1
5	-6	1	Fixation_ss6_c1_m1
5	-5	2	Stimulus_ss6_xxxxxxxx
5	-3	3	Maintenance
5	0	n/a	Probe_m1_X
5	1.318	n/a	Response_c1
6	-6	1	Fixation_ss8_c1_m2
6	-5	2	Stimulus_ss8_xxxxxxxx
6	-3	3	Maintenance
6	0	n/a	Probe_m2_X
6	1.3835	n/a	Response_c1
7	-6	1	Fixation_ss8_c1_m1
7	-5	2	Stimulus_ss8_xxxxxxxx
7	-3	3	Maintenance
7	0	n/a	Probe_m1_X
7	1.068	n/a	Response_c1
8	-6	1	Fixation_ss4_c1_m2
8	-5	2	Stimulus_ss4_xxxxxxxx
8	-3	3	Maintenance
8	0	n/a	Probe_m2_X
8	0.88325	n/a	Response_c1
9	-6	1	Fixation_ss8_c1_m1
9	-5	2	Stimulus_ss8_xxxxxxxx
9	-3	3	Maintenance
9	0	n/a	Probe_m1_X
9	0.99975	n/a	Response_c1
10	-6	1	Fixation_ss6_c1_m1
10	-5	2	Stimulus_ss6_xxxxxxxx
10	-3	3	Maintenance
10	0	n/a	Probe_m1_X
10	0.99625	n/a	Response_c1
11	-6	1	Fixation_ss4_c1_m1
11	-5	2	Stimulus_ss4_xxxxxxxx
11	-3	3	Maintenance
11	0	n/a	Probe_m1_X
11	0.81625	n/a	Response_c1
12	-6	1	Fixation_ss4_c1_m2
12	-5	2	Stimulus_ss4_xxxxxxxx
12	-3	3	Maintenance
12	0	n/a	Probe_m2_X
12	1.35325	n/a	Response_c1
13	-6	1	Fixation_ss6_c1_m1
13	-5	2	Stimulus_ss6_xxxxxxxx
13	-3	3	Maintenance
13	0	n/a	Probe_m1_X
13	0.90725	n/a	Response_c1
14	-6	1	Fixation_ss4_c1_m1
14	-5	2	Stimulus_ss4_xxxxxxxx
14	-3	3	Maintenance
14	0	n/a	Probe_m1_X
14	0.9615	n/a	Response_c1
15	-6	1	Fixation_ss8_c1_m1
15	-5	2	Stimulus_ss8_xxxxxxxx
15	-3	3	Maintenance
15	0	n/a	Probe_m1_X
15	0.93675	n/a	Response_c1
16	-6	1	Fixation_ss4_c1_m1
16	-5	2	Stimulus_ss4_xxxxxxxx
16	-3	3	Maintenance
16	0	n/a	Probe_m1_X
16	1.08475	n/a	Response_c1
17	-6	1	Fixation_ss8_c1_m2
17	-5	2	Stimulus_ss8_xxxxxxxx
17	-3	3	Maintenance
17	0	n/a	Probe_m2_X
17	0.95975	n/a	Response_c1
18	-6	1	Fixation_ss4_c1_m2
18	-5	2	Stimulus_ss4_xxxxxxxx
18	-3	3	Maintenance
18	0	n/a	Probe_m2_X
18	0.84325	n/a	Response_c1
19	-6	1	Fixation_ss4_c1_m2
19	-5	2	Stimulus_ss4_xxxxxxxx
19	-3	3	Maintenance
19	0	n/a	Probe_m2_X
19	0.7915	n/a	Response_c1
20	-6	1	Fixation_ss4_c1_m1
20	-5	2	Stimulus_ss4_xxxxxxxx
20	-3	3	Maintenance
20	0	n/a	Probe_m1_X
20	0.7715	n/a	Response_c1
21	-6	1	Fixation_ss8_c1_m1
21	-5	2	Stimulus_ss8_xxxxxxxx
21	-3	3	Maintenance
21	0	n/a	Probe_m1_X
21	1.01975	n/a	Response_c1
22	-6	1	Fixation_ss6_c1_m1
22	-5	2	Stimulus_ss6_xxxxxxxx
22	-3	3	Maintenance
22	0	n/a	Probe_m1_X
22	1.00125	n/a	Response_c1
23	-6	1	Fixation_ss4_c1_m2
23	-5	2	Stimulus_ss4_xxxxxxxx
23	-3	3	Maintenance
23	0	n/a	Probe_m2_X
23	0.8925	n/a	Response_c1
24	-6	1	Fixation_ss6_c1_m1
24	-5	2	Stimulus_ss6_xxxxxxxx
24	-3	3	Maintenance
24	0	n/a	Probe_m1_X
24	0.783	n/a	Response_c1
25	-6	1	Fixation_ss8_c0_m2
25	-5	2	Stimulus_ss8_xxxxxxxx
25	-3	3	Maintenance
25	0	n/a	Probe_m2_X
25	1.4115	n/a	Response_c0
26	-6	1	Fixation_ss4_c1_m1
26	-5	2	Stimulus_ss4_xxxxxxxx
26	-3	3	Maintenance
26	0	n/a	Probe_m1_X
26	0.91	n/a	Response_c1
27	-6	1	Fixation_ss6_c1_m1
27	-5	2	Stimulus_ss6_xxxxxxxx
27	-3	3	Maintenance
27	0	n/a	Probe_m1_X
27	0.827	n/a	Response_c1
28	-6	1	Fixation_ss6_c1_m2
28	-5	2	Stimulus_ss6_xxxxxxxx
28	-3	3	Maintenance
28	0	n/a	Probe_m2_X
28	0.96075	n/a	Response_c1
29	-6	1	Fixation_ss8_c1_m2
29	-5	2	Stimulus_ss8_xxxxxxxx
29	-3	3	Maintenance
29	0	n/a	Probe_m2_X
29	1.077	n/a	Response_c1
30	-6	1	Fixation_ss4_c1_m2
30	-5	2	Stimulus_ss4_xxxxxxxx
30	-3	3	Maintenance
30	0	n/a	Probe_m2_X
30	0.86525	n/a	Response_c1
31	-6	1	Fixation_ss8_c1_m2
31	-5	2	Stimulus_ss8_xxxxxxxx
31	-3	3	Maintenance
31	0	n/a	Probe_m2_X
31	1.02675	n/a	Response_c1
32	-6	1	Fixation_ss6_c1_m2
32	-5	2	Stimulus_ss6_xxxxxxxx
32	-3	3	Maintenance
32	0	n/a	Probe_m2_X
32	0.8845	n/a	Response_c1
33	-6	1	Fixation_ss8_c1_m1
33	-5	2	Stimulus_ss8_xxxxxxxx
33	-3	3	Maintenance
33	0	n/a	Probe_m1_X
33	0.98125	n/a	Response_c1
34	-6	1	Fixation_ss6_c1_m2
34	-5	2	Stimulus_ss6_xxxxxxxx
34	-3	3	Maintenance
34	0	n/a	Probe_m2_X
34	0.83775	n/a	Response_c1
35	-6	1	Fixation_ss4_c1_m2
35	-5	2	Stimulus_ss4_xxxxxxxx
35	-3	3	Maintenance
35	0	n/a	Probe_m2_X
35	0.8135	n/a	Response_c1
36	-6	1	Fixation_ss4_c1_m2
36	-5	2	Stimulus_ss4_xxxxxxxx
36	-3	3	Maintenance
36	0	n/a	Probe_m2_X
36	1.19475	n/a	Response_c1
37	-6	1	Fixation_ss4_c1_m2
37	-5	2	Stimulus_ss4_xxxxxxxx
37	-3	3	Maintenance
37	0	n/a	Probe_m2_X
37	0.97875	n/a	Response_c1
38	-6	1	Fixation_ss6_c1_m2
38	-5	2	Stimulus_ss6_xxxxxxxx
38	-3	3	Maintenance
38	0	n/a	Probe_m2_X
38	0.77175	n/a	Response_c1
39	-6	1	Fixation_ss4_c1_m1
39	-5	2	Stimulus_ss4_xxxxxxxx
39	-3	3	Maintenance
39	0	n/a	Probe_m1_X
39	0.92475	n/a	Response_c1
40	-6	1	Fixation_ss8_c1_m1
40	-5	2	Stimulus_ss8_xxxxxxxx
40	-3	3	Maintenance
40	0	n/a	Probe_m1_X
40	1.0945	n/a	Response_c1
41	-6	1	Fixation_ss6_c1_m2
41	-5	2	Stimulus_ss6_xxxxxxxx
41	-3	3	Maintenance
41	0	n/a	Probe_m2_X
41	1.22175	n/a	Response_c1
42	-6	1	Fixation_ss4_c1_m2
42	-5	2	Stimulus_ss4_xxxxxxxx
42	-3	3	Maintenance
42	0	n/a	Probe_m2_X
42	0.886	n/a	Response_c1
43	-6	1	Fixation_ss4_c1_m2
43	-5	2	Stimulus_ss4_xxxxxxxx
43	-3	3	Maintenance
43	0	n/a	Probe_m2_X
43	0.86325	n/a	Response_c1
44	-6	1	Fixation_ss4_c1_m1
44	-5	2	Stimulus_ss4_xxxxxxxx
44	-3	3	Maintenance
44	0	n/a	Probe_m1_X
44	0.92575	n/a	Response_c1
45	-6	1	Fixation_ss6_c1_m1
45	-5	2	Stimulus_ss6_xxxxxxxx
45	-3	3	Maintenance
45	0	n/a	Probe_m1_X
45	0.89	n/a	Response_c1
46	-6	1	Fixation_ss8_c1_m1
46	-5	2	Stimulus_ss8_xxxxxxxx
46	-3	3	Maintenance
46	0	n/a	Probe_m1_X
46	0.772	n/a	Response_c1
47	-6	1	Fixation_ss6_c1_m1
47	-5	2	Stimulus_ss6_xxxxxxxx
47	-3	3	Maintenance
47	0	n/a	Probe_m1_X
47	1.03975	n/a	Response_c1
48	-6	1	Fixation_ss8_c0_m2
48	-5	2	Stimulus_ss8_xxxxxxxx
48	-3	3	Maintenance
48	0	n/a	Probe_m2_X
48	0.885	n/a	Response_c0
49	-6	1	Fixation_ss4_c1_m1
49	-5	2	Stimulus_ss4_xxxxxxxx
49	-3	3	Maintenance
49	0	n/a	Probe_m1_X
49	1.02875	n/a	Response_c1
50	-6	1	Fixation_ss8_c0_m1
50	-5	2	Stimulus_ss8_xxxxxxxx
50	-3	3	Maintenance
50	0	n/a	Probe_m1_X
50	1.221	n/a	Response_c0
